year,make,model,variant,body_type,transmission,fuel_type,odometer_reading,no_of_seats,vin,rego_no,rego_expiry,no_of_cylinders,engine_capacity,exterior_colour,interior_colour,key,spare_key,owners_manual,service_history,engine_turns_over,location,url,general_condition,canonical_tag,canonical_reason
2018,toyota,camry,ascent asv70r,sedan,automatic,petrol,71390,5.0,JTNBF3HK003012044,No plates,Unregistered,4.0,2.5,Silver,Black,Yes,No,No,No,Yes,nsw,https://www.grays.com/lot/0001-10352641/motor-vehicles-motor-cycles/2018-toyota-camry-ascent-asv70r-automatic-sedan,"hail damage visible.gear knob brokeninterior: steering wheel worn exterior: areas of poor quality paint and panel repairs.engine rattle on cold start up
hail damage visible.
gear knob broken
interior: steering wheel worn exterior: areas of poor quality paint and panel repairs.
engine rattle on cold start up",toyota_camry_ascent_petrol_auto_sedan_asv70r,[ok]
2013,hyundai,i30,active gd,hatchback,automatic,petrol,119216,5.0,KMHD251EMDU081217,1PS5WQ,24-01-2026,4.0,1.8,White,Grey,Yes,No,Yes,Yes,Yes,vic,https://www.grays.com/lot/0001-21063202/motor-vehicles-motor-cycles/2013-hyundai-i30-active-gd-automatic-hatchback,"dents or marks on body consistent with age and kilometres.
medium scratch on around vehicle
rear cracked bumper.",hyundai_i30_active_petrol_auto_hatch_gd,[ok]
2022,toyota,corolla,ascent sport hybrid zwe211r,hatchback,cvt,hybrid,34558,5.0,JTNK93BE703049277,1WJ7XE,23-07-2026,4,1.8,White,Grey,Yes,Yes,Yes,Yes,Yes,vic,https://www.grays.com/lot/0001-21063267/motor-vehicles-motor-cycles/2022-toyota-corolla-ascent-sport-hybrid-zwe211r-cvt-hatchback-ex-gov,dents or marks on body consistent with age and kilometres.,toyota_corolla_ascent_sport_hybrid_auto_hatch_zwe211r,[ok]
2009,mazda,3,maxx sport bl,hatchback,automatic,petrol,136715,5.0,JM0BL10F100104223,ZAS251,17-04-2026,4,2.0,Grey,Black,Yes,No,No,No,Yes,vic,https://www.grays.com/lot/0001-21063417/motor-vehicles-motor-cycles/2009-mazda-3-maxx-sport-bl-automatic-hatchback,"dents or marks on body consistent with age and kilometres.
paint fading boot spoiler",mazda_3_maxx_sport_petrol_auto_hatch_bl,[ok]
2017,hyundai,i30,active pd,hatchback,automatic,petrol,102923,5.0,KMHH351EMJU047340,2EC5QE,22-03-2026,4,2.0,Grey,Black,Yes,Yes,Yes,Partial,Yes,vic,https://www.grays.com/lot/0001-21063433/motor-vehicles-motor-cycles/2017-hyundai-i30-active-pd-automatic-hatchback,"dents or marks on body consistent with age and kilometres.
paint fading spoiler
medium scratch on various panels",hyundai_i30_active_petrol_auto_hatch_pd,[ok]
2019,toyota,camry,ascent hybrid axvh71r,sedan,cvt,hybrid,167235,5.0,JTNB23HK403042689,No plates,Unregistered,4,2.5,Silver,Grey,Yes,Yes,Yes,Yes,Yes,vic,https://www.grays.com/lot/0001-21063570/motor-vehicles-motor-cycles/2019-toyota-camry-ascent-hybrid-axvh71r-cvt-sedan,dents or marks on body consistent with age and kilometres.,toyota_camry_ascent_hybrid_auto_sedan_axvh71r,[ok]
2018,toyota,corolla,ascent zre172r,sedan,cvt,petrol,150091,5.0,MR053REH205316681,,Unregistered,4,1.8,White,Black,Yes,Yes,No,No,Yes,qld,https://www.grays.com/lot/0001-50714601/motor-vehicles-motor-cycles/2018-toyota-corolla-ascent-zre172r-cvt-sedan,"dents or marks on body consistent with age and kilometres.
hail damage visible.",toyota_corolla_ascent_petrol_auto_sedan_zre172r,[ok]
