decision,reason,url,year,make,model,variant,price,bids,live_date_sold,preview_date_sold,historical_date_sold
merge_date_from_preview,Live date is after 2026-06-01; preview date is plausible and keeps price and bids unchanged.,https://www.grays.com/lot/0001-21063937/motor-vehicles-motor-cycles/2021-bmw-x3-xdrive30i-g01-lci-automatic-8-speed-wagon-wovr-repairable,2021,BMW,X3,xdrive30i g01 lci - (wovr-repairable),25300,159,2026-12-03,2026-03-12,
merge_date_from_preview,Live date is after 2026-06-01; preview date is plausible and keeps price and bids unchanged.,https://www.grays.com/lot/0001-9067361/motor-vehicles-motor-cycles/2008-bmw-x6-xdrive-35i-e71-automatic-coupe-wovr-inspected,2008,BMW,X6,xdrive 35i e71 (wovr-inspected),5100,35,2026-10-03,2026-03-10,
merge_date_from_preview,Live date is after 2026-06-01; preview date is plausible and keeps price and bids unchanged.,https://www.grays.com/lot/0001-9067388/motor-vehicles-motor-cycles/2006-ford-falcon-xr6t-bf-automatic-sedan-wovr-inspected,2006,FORD,Falcon,xr6t bf (wovr-inspected),7500,109,2026-10-03,2026-03-10,
merge_date_from_preview,Live date is after 2026-06-01; preview date is plausible and keeps price and bids unchanged.,https://www.grays.com/lot/0001-21063891/motor-vehicles-motor-cycles/2016-ford-ranger-xls-4x4-px-ii-automatic-dual-cab-wovr-repairable,2016,FORD,Ranger,xls 4x4 px ii dual cab (wovr - repairable),11800,93,2026-11-03,2026-03-11,
merge_date_from_preview,Live date is after 2026-06-01; preview date is plausible and keeps price and bids unchanged.,https://www.grays.com/lot/0001-50714855/motor-vehicles-motor-cycles/2019-holden-acadia-ltz-2wd-automatic-7-seats-wagon-wovr-repairable,2019,HOLDEN,Acadia,ltz 2wd (wovr - repairable),809,11,2026-11-03,2026-03-11,
merge_date_from_preview,Live date is after 2026-06-01; preview date is plausible and keeps price and bids unchanged.,https://www.grays.com/lot/0001-9067435/motor-vehicles-motor-cycles/2009-holden-barina-tk-automatic-sedan-wovr-repairable,2009,HOLDEN,Barina,tk (wovr - repairable),509,11,2026-11-03,2026-03-11,
merge_date_from_preview,Live date is after 2026-06-01; preview date is plausible and keeps price and bids unchanged.,https://www.grays.com/lot/0001-21063951/motor-vehicles-motor-cycles/2006-holden-rodeo-lx-td-crew-cab-ra-t-d-auto-dual-cab-wovr-repairable,2006,HOLDEN,Rodeo,lx td crew cab ra t d dual cab (wovr-repairable),2100,31,2026-11-03,2026-03-11,
merge_date_from_preview,Live date is after 2026-06-01; preview date is plausible and keeps price and bids unchanged.,https://www.grays.com/lot/0001-9067344/motor-vehicles-motor-cycles/1997-honda-accord-vti-6th-gen-automatic-sedan-wovr-inspected,1997,HONDA,Accord,vti 6th gen (wovr-inspected),809,13,2026-10-03,2026-03-10,
merge_date_from_preview,Live date is after 2026-06-01; preview date is plausible and keeps price and bids unchanged.,https://www.grays.com/lot/0001-9067451/motor-vehicles-motor-cycles/2004-hsv-clubsport-vy-automatic-sedan-wovr-statutory,2004,HSV,Clubsport,vy (wovr - statutory),15100,119,2026-11-03,2026-03-11,
merge_date_from_preview,Live date is after 2026-06-01; preview date is plausible and keeps price and bids unchanged.,https://www.grays.com/lot/0001-21063777/motor-vehicles-motor-cycles/2014-hyundai-i30-active-gd-automatic-hatchback,2014,HYUNDAI,I30,active gd,2909,37,2026-10-03,2026-03-10,
merge_date_from_preview,Live date is after 2026-06-01; preview date is plausible and keeps price and bids unchanged.,https://www.grays.com/lot/0001-21063958/motor-vehicles-motor-cycles/2018-hyundai-i30-active-pd-automatic-hatchback-wovr-repairable,2018,HYUNDAI,I30,active pd (wovr-repairable),8600,81,2026-11-03,2026-03-11,
merge_date_from_preview,Live date is after 2026-06-01; preview date is plausible and keeps price and bids unchanged.,https://www.grays.com/lot/0001-50714860/motor-vehicles-motor-cycles/2012-hyundai-iload-tq-turbo-diesel-automatic-van,2012,HYUNDAI,Iload,tq van,1609,17,2026-11-03,2026-03-11,
merge_date_from_preview,Live date is after 2026-06-01; preview date is plausible and keeps price and bids unchanged.,https://www.grays.com/lot/0001-50714821/motor-vehicles-motor-cycles/2012-land-rover-freelander-2-se-td4-turbo-diesel-automatic-wagon,2012,LAND,Rover,freelander 2 se td4,2150,25,2026-10-03,2026-03-10,
merge_date_from_preview,Live date is after 2026-06-01; preview date is plausible and keeps price and bids unchanged.,https://www.grays.com/lot/0001-21063851/motor-vehicles-motor-cycles/2015-mercedes-benz-e-class-e250-w212-automatic-sedan,2015,MERCEDES,Benz,e-class e250 w212,11900,124,2026-10-03,2026-03-10,
merge_date_from_preview,Live date is after 2026-06-01; preview date is plausible and keeps price and bids unchanged.,https://www.grays.com/lot/0001-10352945/motor-vehicles-motor-cycles/2017-mercedes-benz-a-class-a180-w176-automatic-hatchback-wovr-inspected,2017,MERCEDES,Benz,a-class a180 w176 (wovr - inspected),6509,89,2026-11-03,2026-03-11,
merge_date_from_preview,Live date is after 2026-06-01; preview date is plausible and keeps price and bids unchanged.,https://www.grays.com/lot/0001-21063846/motor-vehicles-motor-cycles/2022-mg-mg3-excite-automatic-hatchback-wovr-repairable,2022,MG,Mg3,excite (wovr-repairable),6200,87,2026-10-03,2026-03-10,
merge_date_from_preview,Live date is after 2026-06-01; preview date is plausible and keeps price and bids unchanged.,https://www.grays.com/lot/0001-50714827/motor-vehicles-motor-cycles/2013-mitsubishi-delica-d-5-automatic-4wd-people-mover-import,2013,MITSUBISHI,Delica,d:5 4wd import,11600,186,2026-10-03,2026-03-10,
merge_date_from_preview,Live date is after 2026-06-01; preview date is plausible and keeps price and bids unchanged.,https://www.grays.com/lot/0001-21063934/motor-vehicles-motor-cycles/2004-subaru-impreza-rv-g2-manual-hatchback,2004,SUBARU,Impreza,rv g2,709,9,2026-11-03,2026-03-11,
merge_date_from_preview,Live date is after 2026-06-01; preview date is plausible and keeps price and bids unchanged.,https://www.grays.com/lot/0001-9067360/motor-vehicles-motor-cycles/2014-suzuki-jimny-sierra-jlx-automatic-wagon-wovr-inspected,2014,SUZUKI,Jimny,sierra jlx (wovr-inspected),9100,118,2026-10-03,2026-03-10,
merge_date_from_preview,Live date is after 2026-06-01; preview date is plausible and keeps price and bids unchanged.,https://www.grays.com/lot/0001-60050316/motor-vehicles-motor-cycles/2001-toyota-camry-csi-mcv20r-automatic-sedan-wovr-inspected,2001,TOYOTA,Camry,csi mcv20r (wovr-inspected),409,9,2026-11-03,2026-03-11,
merge_date_from_preview,Live date is after 2026-06-01; preview date is plausible and keeps price and bids unchanged.,https://www.grays.com/lot/0001-9067418/motor-vehicles-motor-cycles/1990-toyota-hiace-lwb-lh113r-automatic-van,1990,TOYOTA,Hiace,lwb lh113r van,4900,74,2026-11-03,2026-03-11,
merge_date_from_preview,Live date is after 2026-06-01; preview date is plausible and keeps price and bids unchanged.,https://www.grays.com/lot/0001-21063947/motor-vehicles-motor-cycles/2005-toyota-hilux-automatic-ute,2005,TOYOTA,Hilux,,3809,52,2026-11-03,2026-03-11,
merge_date_from_preview,Live date is after 2026-06-01; preview date is plausible and keeps price and bids unchanged.,https://www.grays.com/lot/0001-9067425/motor-vehicles-motor-cycles/1998-toyota-landcruiser-prado-gxl-v6-vzj95r-auto-wagon-wovr-inspected,1998,TOYOTA,Landcruiser,prado gxl v6 vzj95r (wovr-inspected),1109,17,2026-11-03,2026-03-11,
merge_date_from_preview,Live date is after 2026-06-01; preview date is plausible and keeps price and bids unchanged.,https://www.grays.com/lot/0001-21063701/motor-vehicles-motor-cycles/2008-volkswagen-golf-gti-a5-automatic-hatchback,2008,VOLKSWAGEN,Golf,gti a5,2300,25,2026-10-03,2026-03-10,
merge_date_from_preview,Live date is after 2026-06-01; preview date is plausible and keeps price and bids unchanged.,https://www.grays.com/lot/0001-9067431/motor-vehicles-motor-cycles/2008-volkswagen-jetta-2-0-tdi-1km-turbo-diesel-auto-wovr-inspected,2008,VOLKSWAGEN,Jetta,2.0 tdi (wovr - inspected),565,6,2026-11-03,2026-03-11,
merge_date_from_preview,Historical archive confirms the preview date; live date is swapped.,https://www.grays.com/lot/0001-21055524/motor-vehicles-motor-cycles/2013-audi-a6-2-0-tdi-c7-turbo-diesel-cvt-sedan,2013,audi,a6,2.0 tdi c7,9300,130,2025-04-09,2025-09-04,2025-09-04
merge_date_from_preview,Historical archive confirms the preview date; live date is swapped.,https://www.grays.com/lot/0001-21055550/motor-vehicles-motor-cycles/2015-audi-q7-3-0-tdi-quattro-4m-turbo-diesel-auto-8-speed-7-seats-wagon,2015,audi,q7,3.0 tdi quattro,18501,151,2025-04-09,2025-09-04,2025-09-04
merge_date_from_preview,Historical archive confirms the preview date; live date is swapped.,https://www.grays.com/lot/0001-9060376/motor-vehicles-motor-cycles/2004-bmw-6-series-645ci-e63-automatic-coupe,2004,bmw,6,series 645ci e63,7000,77,2025-11-06,2025-06-11,2025-06-11
merge_date_from_preview,Live date is after 2026-06-01; preview date is plausible and keeps price and bids unchanged.,https://www.grays.com/lot/0001-21062757/motor-vehicles-motor-cycles/1988-bmw-7-series-e32-automatic-sedan,1988,bmw,7,series e32,7000,0,2026-12-02,2026-02-12,
merge_date_from_preview,Historical archive confirms the preview date; live date is swapped.,https://www.grays.com/lot/0001-9060434/motor-vehicles-motor-cycles/2012-mercedes-benz-valente-turbo-diesel-auto-7-seats-people-mover,2012,mercedes,benz,valente,3100,21,2025-11-06,2025-06-11,2025-06-11
merge_date_from_preview,Live date is after 2026-06-01; preview date is plausible and keeps price and bids unchanged.,https://www.grays.com/lot/0001-21062788/motor-vehicles-motor-cycles/2016-mercedes-benz-c-class-c250-w205-auto-sedan-rwc-issued-4th-feb,2016,mercedes,benz,c-class c250 w205,709,15,2026-12-02,2026-02-12,
merge_date_from_preview,Historical archive confirms the preview date; live date is swapped.,https://www.grays.com/lot/0001-21055401/motor-vehicles-motor-cycles/2021-mercedes-benz-glc-class-glc300-x253-9-auto-wagon,2021,mercedes,benz,glc-class glc300 x253 9,50600,277,2025-04-09,2025-09-04,2025-09-04
merge_date_from_preview,Live date is after 2026-06-01; preview date is plausible and keeps price and bids unchanged.,https://www.grays.com/lot/0001-21062520/motor-vehicles-motor-cycles/2013-nissan-pathfinder-ti-4x4-r52-cvt-7-seats-wagon,2013,nissan,pathfinder,ti (4x4) r52,3209,64,2026-08-02,2026-02-08,
merge_date_from_preview,Live date is after 2026-06-01; preview date is plausible and keeps price and bids unchanged.,https://www.grays.com/lot/0001-21062894/motor-vehicles-motor-cycles/2015-toyota-camry-atara-sx-asv50r-automatic-sedan,2015,toyota,camry,atara sx asv50r,9,1,2026-12-02,2026-02-12,
merge_date_from_preview,Live date is after 2026-06-01; preview date is plausible and keeps price and bids unchanged.,https://www.grays.com/lot/0001-21062584/motor-vehicles-motor-cycles/2015-volkswagen-touareg-150tdi-7p-auto-8-speed-wagon-rwc-issued-13-1-26,2015,volkswagen,touareg,150tdi 7p,6958,85,2026-08-02,2026-02-08,
merge_date_from_preview,Live date is after 2026-06-01; preview date is plausible and keeps price and bids unchanged.,https://www.grays.com/lot/0001-21062952/motor-vehicles-motor-cycles/2015-volvo-xc60-d4-luxury-turbo-diesel-automatic-wagon,2015,volvo,xc60,d4 luxury,9,1,2026-12-02,2026-02-12,
reject_no_change,Live row already matches the residual preview row; no merge needed.,https://www.grays.com/lot/0001-21063095/motor-vehicles-motor-cycles/2014-audi-a3-1-8-tsi-ambition-8v-auto-hatchback-rwc-issued-11-02-2026,2014,AUDI,A3,1.8 tsi ambition 8v,8100,94,2026-02-19,2026-02-19,
reject_no_change,Live row already matches the residual preview row; no merge needed.,https://www.grays.com/lot/0001-50715652/motor-vehicles-motor-cycles/2009-audi-q5-2-0-tfsi-quattro-8r-automatic-wagon,2009,AUDI,Q5,2.0 tfsi quattro 8r,109,2,2026-05-05,2026-05-05,
reject_no_change,Live row already matches the residual preview row; no merge needed.,https://www.grays.com/lot/0001-21063286/motor-vehicles-motor-cycles/1988-bmw-7-series-e32-automatic-sedan,1988,BMW,7,series e32,2500,36,2026-02-25,2026-02-25,
reject_no_change,Live row already matches the residual preview row; no merge needed.,https://www.grays.com/lot/0001-21063172/motor-vehicles-motor-cycles/2015-fiat-freemont-base-automatic-7-seats-people-mover,2015,FIAT,Freemont,base,1709,22,2026-02-23,2026-02-23,
reject_no_change,Live row already matches the residual preview row; no merge needed.,https://www.grays.com/lot/0001-10353535/motor-vehicles-motor-cycles/2011-holden-captiva-5-2wd-cg-ii-automatic-wagon,2011,HOLDEN,Captiva,5 2wd cg ii,9,1,2026-05-05,2026-05-05,
reject_no_change,Live row already matches the residual preview row; no merge needed.,https://www.grays.com/lot/0001-9068456/motor-vehicles-motor-cycles/2008-holden-colorado-4x2-lx-3-6-v6-rc-manual-dual-cab-wovr-repairable,2008,HOLDEN,Colorado,4x2 lx 3.6 v6 rc dual cab (wovr - repairable),409,8,2026-05-05,2026-05-05,
reject_no_change,Live row already matches the residual preview row; no merge needed.,https://www.grays.com/lot/0001-21066046/motor-vehicles-motor-cycles/2015-hyundai-i40-active-vf-turbo-diesel-automatic-wovr-inspected,2015,HYUNDAI,I40,active vf wovr-inspected,309,6,2026-05-05,2026-05-05,
reject_no_change,Live row already matches the residual preview row; no merge needed.,https://www.grays.com/lot/0001-9068496/motor-vehicles-motor-cycles/2013-kia-grand-carnival-s-vq-automatic-8-seats-people-mover,2013,KIA,Grand,carnival s vq,1200,16,2026-05-05,2026-05-05,
reject_no_change,Live row already matches the residual preview row; no merge needed.,https://www.grays.com/lot/0001-10352709/motor-vehicles-motor-cycles/2005-land-rover-range-rover-sport-automatic-wagon-pinkslip-issued-11-2-26,2005,LAND,Rover,range rover sport,5109,68,2026-02-25,2026-02-25,
reject_no_change,Live row already matches the residual preview row; no merge needed.,https://www.grays.com/lot/0001-21063173/motor-vehicles-motor-cycles/2014-land-rover-freelander-2-si4-se-automatic-wagon,2014,LAND,Rover,freelander 2 si4 se,5100,62,2026-02-23,2026-02-23,
reject_no_change,Live row already matches the residual preview row; no merge needed.,https://www.grays.com/lot/0001-50714566/motor-vehicles-motor-cycles/1985-mercedes-190-e-automatic-sedan-import,1985,MERCEDES,190,e import,1410,20,2026-02-25,2026-02-25,
reject_no_change,Live row already matches the residual preview row; no merge needed.,https://www.grays.com/lot/0001-21063384/motor-vehicles-motor-cycles/2015-mercedes-benz-e-class-e250-w212-automatic-sedan,2015,MERCEDES,Benz,e-class e250 w212,12609,136,2026-02-26,2026-02-26,
reject_no_change,Live row already matches the residual preview row; no merge needed.,https://www.grays.com/lot/0001-21062788/motor-vehicles-motor-cycles/2016-mercedes-benz-c-class-c250-w205-auto-sedan-rwc-issued-04-02-2026,2016,MERCEDES,Benz,c-class c250 w205,14300,136,2026-02-17,2026-02-17,
reject_no_change,Live row already matches the residual preview row; no merge needed.,https://www.grays.com/lot/0001-21063401/motor-vehicles-motor-cycles/2010-mini-cooper-r56-lci-automatic-hatchback-rwc-issued-30-01-26,2010,MINI,Cooper,r56 lci,4100,63,2026-02-28,2026-02-28,
reject_no_change,Live row already matches the residual preview row; no merge needed.,https://www.grays.com/lot/0001-50715567/motor-vehicles-motor-cycles/2012-nissan-navara-4x4-st-d40-turbo-diesel-automatic-dual-cab,2012,NISSAN,Navara,4x4 st d40,2309,47,2026-05-05,2026-05-05,
reject_no_change,Live row already matches the residual preview row; no merge needed.,https://www.grays.com/lot/0001-9068484/motor-vehicles-motor-cycles/2008-subaru-forester-xs-s3-automatic-wagon-wovr-inspected,2008,SUBARU,Forester,xs s3 (wovr-inspected),209,5,2026-05-05,2026-05-05,
reject_no_change,Live row already matches the residual preview row; no merge needed.,https://www.grays.com/lot/0001-21063218/motor-vehicles-motor-cycles/2015-subaru-forester-2-0d-s-s4-turbo-diesel-cvt-wagon,2015,SUBARU,Forester,2.0d-s s4,5800,94,2026-02-24,2026-02-24,
reject_no_change,Live row already matches the residual preview row; no merge needed.,https://www.grays.com/lot/0001-50517973/motor-vehicles-motor-cycles/2010-subaru-liberty-2-5i-b5-cvt-sedan,2010,SUBARU,Liberty,2.5i b5,9,1,2026-05-05,2026-05-05,
reject_no_change,Live row already matches the residual preview row; no merge needed.,https://www.grays.com/lot/0001-21063091/motor-vehicles-motor-cycles/2011-toyota-camry-altise-acv40r-automatic-sedan-rwc-issued-11-02-2026,2011,TOYOTA,Camry,altise acv40r,8700,76,2026-02-19,2026-02-19,
reject_no_change,Live row already matches the residual preview row; no merge needed.,https://www.grays.com/lot/0001-10353540/motor-vehicles-motor-cycles/2023-toyota-camry-ascent-hybrid-axvh70r-cvt-sedan,2023,TOYOTA,Camry,ascent hybrid axvh70r,15399,69,2026-05-05,2026-05-05,
reject_no_change,Live row already matches the residual preview row; no merge needed.,https://www.grays.com/lot/0001-60050725/motor-vehicles-motor-cycles/2017-toyota-hilux-4x2-workmate-tgn121r-manual-cab-chassis,2017,TOYOTA,Hilux,4x2 workmate tgn121r,12100,29,2026-05-05,2026-05-05,
reject_no_change,Live row already matches the residual preview row; no merge needed.,https://www.grays.com/lot/0001-21063027/motor-vehicles-motor-cycles/2011-toyota-landcruiser-gxl-vdj200r-t-d-auto-rwc-issued-06-02-2026,2011,TOYOTA,Landcruiser,gxl vdj200r t d,27009,107,2026-02-18,2026-02-18,
reject_no_change,Live row already matches the residual preview row; no merge needed.,https://www.grays.com/lot/0001-9067021/motor-vehicles-motor-cycles/2019-toyota-landcruiser-prado-gxl-gdj150r-t-d-auto-7-seats-wagon,2019,TOYOTA,Landcruiser,prado gxl gdj150r t d,38600,326,2026-02-18,2026-02-18,
reject_no_change,Live row already matches the residual preview row; no merge needed.,https://www.grays.com/lot/0001-21062183/motor-vehicles-motor-cycles/2013-audi-a1-1-4-tfsi-ambition-8x-automatic-hatchback,2013,audi,a1,1.4 tfsi ambition 8x,800,6,2026-01-25,2026-01-25,
reject_no_change,Live row already matches the residual preview row; no merge needed.,https://www.grays.com/lot/0001-21052830/motor-vehicles-motor-cycles/2010-audi-q5-2-0-tdi-quattro-8r-turbo-diesel-automatic-wagon,2010,audi,q5,2.0 tdi quattro 8r,3300,34,2025-07-22,2025-07-22,
reject_no_change,Live row already matches the residual preview row; no merge needed.,https://www.grays.com/lot/0001-21061898/motor-vehicles-motor-cycles/2011-audi-q5-2-0-tfsi-quattro-8r-automatic-wagon,2011,audi,q5,2.0 tfsi quattro 8r,3700,52,2026-01-20,2026-01-20,
reject_no_change,Live row already matches the residual preview row; no merge needed.,https://www.grays.com/lot/0001-9061650/motor-vehicles-motor-cycles/2012-bmw-x3-xdrive-20i-f25-automatic-8-speed-wagon,2012,bmw,x3,xdrive 20i f25,3100,31,2025-07-22,2025-07-22,
reject_no_change,Live row already matches the residual preview row; no merge needed.,https://www.grays.com/lot/0001-21061720/motor-vehicles-motor-cycles/2017-ford-ecosport-ambiente-bl-automatic-wagon,2017,ford,ecosport,ambiente bl,4700,62,2026-01-18,2026-01-18,
reject_no_change,Live row already matches the residual preview row; no merge needed.,https://www.grays.com/lot/0001-9057765/motor-vehicles-motor-cycles/2011-ford-falcon-xr6-fg-automatic-sedan,2011,ford,falcon,xr6 fg,1109,17,2025-03-18,2025-03-18,2025-03-18
reject_no_change,Live row already matches the residual preview row; no merge needed.,https://www.grays.com/lot/0001-21062156/motor-vehicles-motor-cycles/2012-ford-focus-titanium-lw-ii-turbo-diesel-automatic-hatchback,2012,ford,focus,titanium lw ii,1209,14,2026-01-25,2026-01-25,
reject_no_change,Live row already matches the residual preview row; no merge needed.,https://www.grays.com/lot/0001-9061690/motor-vehicles-motor-cycles/2009-ford-ranger-xl-4x2-pk-turbo-diesel-automatic-dual-cab,2009,ford,ranger,xl (4x2) pk dual,1414,20,2025-07-22,2025-07-22,
reject_no_change,Live row already matches the residual preview row; no merge needed.,https://www.grays.com/lot/0001-9061746/motor-vehicles-motor-cycles/2009-great-wall-v240-4x2-manual-dual-cab,2009,great,wall,v240 4x2 dual,709,12,2025-07-22,2025-07-22,
reject_no_change,Live row already matches the residual preview row; no merge needed.,https://www.grays.com/lot/0001-9066474/motor-vehicles-motor-cycles/2008-holden-astra-automatic-hatchback,2008,holden,astra,,200,4,2026-01-20,2026-01-20,
reject_no_change,Live row already matches the residual preview row; no merge needed.,https://www.grays.com/lot/0001-9061608/motor-vehicles-motor-cycles/2012-holden-barina-tm-automatic-hatchback,2012,holden,barina,tm,2009,34,2025-07-22,2025-07-22,
reject_no_change,Live row already matches the residual preview row; no merge needed.,https://www.grays.com/lot/0001-21061716/motor-vehicles-motor-cycles/2016-holden-colorado-4x2-lx-rg-turbo-diesel-automatic-cab-chassis,2016,holden,colorado,4x2 lx rg,6440,57,2026-01-18,2026-01-18,
reject_no_change,Live row already matches the residual preview row; no merge needed.,https://www.grays.com/lot/0001-10911908/motor-vehicles-motor-cycles/2008-holden-commodore-60th-anniversary-automatic-wagon,2008,holden,commodore,60th anniversary,409,9,2025-07-22,2025-07-22,
reject_no_change,Live row already matches the residual preview row; no merge needed.,https://www.grays.com/lot/0001-9066499/motor-vehicles-motor-cycles/2009-holden-commodore-omega-omega-ve-automatic-sedan,2009,holden,commodore,omega omega ve,609,10,2026-01-20,2026-01-20,
reject_no_change,Live row already matches the residual preview row; no merge needed.,https://www.grays.com/lot/0001-21061902/motor-vehicles-motor-cycles/2011-holden-commodore-berlina-ve-automatic-wagon,2011,holden,commodore,berlina ve,2400,28,2026-01-21,2026-01-21,
reject_no_change,Live row already matches the residual preview row; no merge needed.,https://www.grays.com/lot/0001-21062063/motor-vehicles-motor-cycles/2012-holden-commodore-sv6-automatic-wagon,2012,holden,commodore,sv6,2609,46,2026-01-25,2026-01-25,
reject_no_change,Live row already matches the residual preview row; no merge needed.,https://www.grays.com/lot/0001-9061789/motor-vehicles-motor-cycles/2005-holden-cruze-yg-manual-wagon,2005,holden,cruze,yg,2009,11,2025-07-23,2025-07-23,2025-07-23
reject_no_change,Live row already matches the residual preview row; no merge needed.,https://www.grays.com/lot/0001-21062335/motor-vehicles-motor-cycles/2010-holden-cruze-cdx-jg-automatic-sedan,2010,holden,cruze,cdx jg,1609,19,2026-02-02,2026-02-02,
reject_no_change,Live row already matches the residual preview row; no merge needed.,https://www.grays.com/lot/0001-10349722/motor-vehicles-motor-cycles/2014-holden-cruze-cd-jh-automatic-sedan,2014,holden,cruze,cd jh,3100,31,2025-07-22,2025-07-22,
reject_no_change,Live row already matches the residual preview row; no merge needed.,https://www.grays.com/lot/0001-50714199/motor-vehicles-motor-cycles/2006-holden-viva-jf-automatic-wagon,2006,holden,viva,jf,9,0,2026-01-25,2026-01-25,
reject_no_change,Live row already matches the residual preview row; no merge needed.,https://www.grays.com/lot/0001-21049189/motor-vehicles-motor-cycles/2004-honda-cr-v-rd-automatic-wagon,2004,honda,cr-v,rd,1409,15,2025-05-22,2025-05-22,2025-05-22
reject_no_change,Live row already matches the residual preview row; no merge needed.,https://www.grays.com/lot/0001-21052753/motor-vehicles-motor-cycles/2008-hyundai-i30-sx-1-6-crdi-fd-turbo-diesel-manual-hatchback,2008,hyundai,i30,sx 1.6 crdi fd,1109,12,2025-07-22,2025-07-22,2025-07-22
reject_no_change,Live row already matches the residual preview row; no merge needed.,https://www.grays.com/lot/0001-9061645/motor-vehicles-motor-cycles/2011-hyundai-i30-cw-sx-2-0-fd-manual-wagon,2011,hyundai,i30,cw sx 2.0 fd,1309,27,2025-07-22,2025-07-22,2025-07-22
reject_no_change,Live row already matches the residual preview row; no merge needed.,https://www.grays.com/lot/0001-9061693/motor-vehicles-motor-cycles/2011-hyundai-i30-sx-fd-automatic-hatchback,2011,hyundai,i30,sx fd,3209,38,2025-07-22,2025-07-22,
reject_no_change,Live row already matches the residual preview row; no merge needed.,https://www.grays.com/lot/0001-21052787/motor-vehicles-motor-cycles/2007-kia-carnival-ex-vq-automatic-people-mover,2007,kia,carnival,ex vq,3700,39,2025-07-22,2025-07-22,2025-07-22
reject_no_change,Live row already matches the residual preview row; no merge needed.,https://www.grays.com/lot/0001-21052811/motor-vehicles-motor-cycles/2015-kia-carnival-sli-yp-turbo-diesel-automatic-7-seats-people-mover,2015,kia,carnival,sli yp,10609,120,2025-07-22,2025-07-22,2025-07-22
reject_no_change,Live row already matches the residual preview row; no merge needed.,https://www.grays.com/lot/0001-21052814/motor-vehicles-motor-cycles/2004-mazda-3-sp23-bk-automatic-sedan,2004,mazda,3,sp23 bk,1900,26,2025-07-22,2025-07-22,2025-07-22
reject_no_change,Live row already matches the residual preview row; no merge needed.,https://www.grays.com/lot/0001-21052706/motor-vehicles-motor-cycles/2009-mazda-3-neo-sport-bk-manual-hatchback,2009,mazda,3,neo sport bk,600,11,2025-07-22,2025-07-22,2025-07-22
reject_no_change,Live row already matches the residual preview row; no merge needed.,https://www.grays.com/lot/0001-10349699/motor-vehicles-motor-cycles/2012-mazda-6-luxury-sports-gh-automatic-hatchback,2012,mazda,6,luxury sports gh,2709,32,2025-07-22,2025-07-22,2025-07-22
reject_no_change,Live row already matches the residual preview row; no merge needed.,https://www.grays.com/lot/0001-21052778/motor-vehicles-motor-cycles/2013-mazda-cx-5-akera-ke-automatic-wagon,2013,mazda,cx-5,akera ke,10000,50,2025-07-22,2025-07-22,
reject_no_change,Live row already matches the residual preview row; no merge needed.,https://www.grays.com/lot/0001-10349701/motor-vehicles-motor-cycles/2008-mazda-cx-7-luxury-4x4-automatic-wagon,2008,mazda,cx-7,luxury (4x4),709,13,2025-07-22,2025-07-22,2025-07-22
reject_no_change,Live row already matches the residual preview row; no merge needed.,https://www.grays.com/lot/0001-21052747/motor-vehicles-motor-cycles/2009-mazda-cx-7-luxury-4x4-automatic-wagon,2009,mazda,cx-7,luxury (4x4),2410,20,2025-07-22,2025-07-22,2025-07-22
reject_no_change,Live row already matches the residual preview row; no merge needed.,https://www.grays.com/lot/0001-10349698/motor-vehicles-motor-cycles/2011-mazda-cx-7-classic-sports-4x4-automatic-wagon,2011,mazda,cx-7,classic sports (4x4),2609,31,2025-07-22,2025-07-22,2025-07-22
reject_no_change,Live row already matches the residual preview row; no merge needed.,https://www.grays.com/lot/0001-21049234/motor-vehicles-motor-cycles/2019-mazda-cx-9-sport-fwd-tc-automatic-wagon,2019,mazda,cx-9,sport fwd tc,20300,233,2025-05-22,2025-05-22,2025-05-22
reject_no_change,Live row already matches the residual preview row; no merge needed.,https://www.grays.com/lot/0001-21062150/motor-vehicles-motor-cycles/2005-mercedes-benz-clk-350-avantgarde-c209-automatic-coupe,2005,mercedes,benz,clk 350 avantgarde c209,109,2,2026-01-25,2026-01-25,
reject_no_change,Live row already matches the residual preview row; no merge needed.,https://www.grays.com/lot/0001-21061973/motor-vehicles-motor-cycles/2008-mercedes-benz-clk280-avantgarde-c209-rwc-issued-16-01-2026,2008,mercedes,benz,clk280 avantgarde c209,7550,128,2026-01-26,2026-01-26,
reject_no_change,Live row already matches the residual preview row; no merge needed.,https://www.grays.com/lot/0001-21062352/motor-vehicles-motor-cycles/2013-mercedes-benz-c-class-c200-be-w204-automatic-sedan,2013,mercedes,benz,c-class c200 be w204,3800,61,2026-02-02,2026-02-02,
reject_no_change,Live row already matches the residual preview row; no merge needed.,https://www.grays.com/lot/0001-21052829/motor-vehicles-motor-cycles/2010-mitsubishi-lancer-es-cj-automatic-sedan,2010,mitsubishi,lancer,es cj,2909,33,2025-07-22,2025-07-22,2025-07-22
reject_no_change,Live row already matches the residual preview row; no merge needed.,https://www.grays.com/lot/0001-21052767/motor-vehicles-motor-cycles/2010-mitsubishi-outlander-ls-zh-cvt-wagon,2010,mitsubishi,outlander,ls zh,1909,20,2025-07-22,2025-07-22,2025-07-22
reject_no_change,Live row already matches the residual preview row; no merge needed.,https://www.grays.com/lot/0001-50714208/motor-vehicles-motor-cycles/2004-mitsubishi-pajero-gls-np-automatic-wagon,2004,mitsubishi,pajero,gls np,9,0,2026-01-25,2026-01-25,
reject_no_change,Live row already matches the residual preview row; no merge needed.,https://www.grays.com/lot/0001-21052738/motor-vehicles-motor-cycles/2011-mitsubishi-pajero-glx-nt-turbo-diesel-automatic-7-seats-wagon,2011,mitsubishi,pajero,glx nt,7300,93,2025-07-22,2025-07-22,2025-07-22
reject_no_change,Live row already matches the residual preview row; no merge needed.,https://www.grays.com/lot/0001-9061663/motor-vehicles-motor-cycles/2012-nissan-murano-st-z51-cvt-wagon,2012,nissan,murano,st z51,2409,27,2025-07-22,2025-07-22,2025-07-22
reject_no_change,Live row already matches the residual preview row; no merge needed.,https://www.grays.com/lot/0001-21061676/motor-vehicles-motor-cycles/2016-nissan-navara-4x2-st-np300-turbo-diesel-automatic-dual-cab,2016,nissan,navara,4x2 st np300 dual cab,10100,178,2026-01-18,2026-01-18,
reject_no_change,Live row already matches the residual preview row; no merge needed.,https://www.grays.com/lot/0001-21061854/motor-vehicles-motor-cycles/2014-nissan-pathfinder-cvt-7-seats-wagon,2014,nissan,pathfinder,,3110,35,2026-01-20,2026-01-20,
reject_no_change,Live row already matches the residual preview row; no merge needed.,https://www.grays.com/lot/0001-21052841/motor-vehicles-motor-cycles/2003-nissan-patrol-st-4x4-gu-ii-turbo-diesel-automatic-7-seats-wagon,2003,nissan,patrol,st (4x4) gu ii,3500,54,2025-07-23,2025-07-23,2025-07-23
reject_no_change,Live row already matches the residual preview row; no merge needed.,https://www.grays.com/lot/0001-10349739/motor-vehicles-motor-cycles/2004-nissan-pulsar-st-n16-automatic-sedan,2004,nissan,pulsar,st n16,1150,11,2025-07-22,2025-07-22,2025-07-22
reject_no_change,Live row already matches the residual preview row; no merge needed.,https://www.grays.com/lot/0001-60050008/motor-vehicles-motor-cycles/2007-nissan-x-trail-st-t30-automatic-wagon,2007,nissan,x-trail,st t30,500,5,2026-01-25,2026-01-25,
reject_no_change,Live row already matches the residual preview row; no merge needed.,https://www.grays.com/lot/0001-9061692/motor-vehicles-motor-cycles/2008-nissan-x-trail-st-l-4x4-t31-cvt-wagon,2008,nissan,x-trail,st-l (4x4) t31,2309,26,2025-07-22,2025-07-22,2025-07-22
reject_no_change,Live row already matches the residual preview row; no merge needed.,https://www.grays.com/lot/0001-9061833/motor-vehicles-motor-cycles/2013-nissan-x-trail-st-fwd-t31-cvt-wagon,2013,nissan,x-trail,st (fwd) t31,5100,86,2025-07-23,2025-07-23,2025-07-23
reject_no_change,Live row already matches the residual preview row; no merge needed.,https://www.grays.com/lot/0001-50516049/motor-vehicles-motor-cycles/2015-nissan-x-trail-st-fwd-t32-cvt-wagon,2015,nissan,x-trail,st fwd t32,3300,36,2025-07-23,2025-07-23,2025-07-23
reject_no_change,Live row already matches the residual preview row; no merge needed.,https://www.grays.com/lot/0001-21062185/motor-vehicles-motor-cycles/2013-renault-megane-gt-line-cvt-convertible,2013,renault,megane,gt-line,2100,13,2026-01-25,2026-01-25,
reject_no_change,Live row already matches the residual preview row; no merge needed.,https://www.grays.com/lot/0001-21052698/motor-vehicles-motor-cycles/2000-subaru-liberty-heritage-awd-b3-automatic-sedan,2000,subaru,liberty,heritage (awd) b3,1009,13,2025-07-22,2025-07-22,
reject_no_change,Live row already matches the residual preview row; no merge needed.,https://www.grays.com/lot/0001-9061713/motor-vehicles-motor-cycles/2008-suzuki-grand-vitara-v6-jt-automatic-wagon,2008,suzuki,grand,vitara v6 jt,3100,44,2025-07-23,2025-07-23,2025-07-23
reject_no_change,Live row already matches the residual preview row; no merge needed.,https://www.grays.com/lot/0001-9061751/motor-vehicles-motor-cycles/2008-suzuki-swift-ez-manual-hatchback,2008,suzuki,swift,ez,1409,18,2025-07-23,2025-07-23,2025-07-23
reject_no_change,Live row already matches the residual preview row; no merge needed.,https://www.grays.com/lot/0001-9061805/motor-vehicles-motor-cycles/2008-suzuki-sx4-gy-manual-hatchback,2008,suzuki,sx4,gy,3509,9,2025-07-23,2025-07-23,2025-07-23
reject_no_change,Live row already matches the residual preview row; no merge needed.,https://www.grays.com/lot/0001-21052834/motor-vehicles-motor-cycles/2001-toyota-corolla-ascent-seca-zze123r-automatic-hatchback,2001,toyota,corolla,ascent seca zze123r,909,14,2025-07-23,2025-07-23,2025-07-23
reject_no_change,Live row already matches the residual preview row; no merge needed.,https://www.grays.com/lot/0001-21052842/motor-vehicles-motor-cycles/2002-toyota-corolla-ascent-zze123r-automatic-sedan,2002,toyota,corolla,ascent zze123r,1500,16,2025-07-23,2025-07-23,2025-07-23
reject_no_change,Live row already matches the residual preview row; no merge needed.,https://www.grays.com/lot/0001-21052851/motor-vehicles-motor-cycles/2006-toyota-corolla-ascent-seca-zze123r-automatic-hatchback,2006,toyota,corolla,ascent seca zze123r,1709,21,2025-07-23,2025-07-23,2025-07-23
reject_no_change,Live row already matches the residual preview row; no merge needed.,https://www.grays.com/lot/0001-21061719/motor-vehicles-motor-cycles/2010-toyota-corolla-ascent-zre152r-automatic-hatchback,2010,toyota,corolla,ascent zre152r,5909,66,2026-01-18,2026-01-18,
reject_no_change,Live row already matches the residual preview row; no merge needed.,https://www.grays.com/lot/0001-10352221/motor-vehicles-motor-cycles/2018-toyota-corolla-ascent-sport-hybrid-zwe211r-cvt-hatchback,2018,toyota,corolla,ascent sport hybrid zwe211r,13500,66,2026-01-24,2026-01-24,
reject_no_change,Live row already matches the residual preview row; no merge needed.,https://www.grays.com/lot/0001-9058792/motor-vehicles-motor-cycles/2003-toyota-landcruiser-prado-gxl-4x4-grj120r-automatic-8-seats-wagon,2003,toyota,landcruiser,prado gxl (4x4) grj120r,3500,34,2025-04-16,2025-04-16,2025-04-16
reject_no_change,Live row already matches the residual preview row; no merge needed.,https://www.grays.com/lot/0001-21052709/motor-vehicles-motor-cycles/2008-toyota-rav-4-cv-aca33r-automatic-wagon,2008,toyota,rav,4 cv aca33r,2800,47,2025-07-22,2025-07-22,
reject_no_change,Live row already matches the residual preview row; no merge needed.,https://www.grays.com/lot/0001-21052710/motor-vehicles-motor-cycles/2009-volkswagen-tiguan-125-tsi-5n-automatic-wagon,2009,volkswagen,tiguan,125 tsi 5n,1309,14,2025-07-22,2025-07-22,
reject_preview_date,Preview date is future-looking or less consistent with live chronological row order; keep current live date.,https://www.grays.com/lot/0001-10352751/motor-vehicles-motor-cycles/2015-holden-cruze-cd-jh-automatic-hatchback-pinkslip-issued-20-1-26,2015,HOLDEN,Cruze,cd jh,2009,30,2026-03-01,2026-01-03,
reject_preview_date,Preview date is future-looking or less consistent with live chronological row order; keep current live date.,https://www.grays.com/lot/0001-21062759/motor-vehicles-motor-cycles/2017-ford-ranger-wildtrak-4x4-px-ii-automatic-dual-cab-rwc-issued-19-1-26,2017,ford,ranger,wildtrak 4x4 px ii dual cab,11409,32,2026-02-11,2026-11-02,
reject_preview_date,Preview date is future-looking or less consistent with live chronological row order; keep current live date.,https://www.grays.com/lot/0001-21062612/motor-vehicles-motor-cycles/2012-holden-commodore-sv6-automatic-wagon,2012,holden,commodore,sv6,3701,33,2026-02-09,2026-09-02,
reject_preview_date,Preview date is future-looking or less consistent with live chronological row order; keep current live date.,https://www.grays.com/lot/0001-9066688/motor-vehicles-motor-cycles/2009-holden-cruze-cdx-jg-automatic-sedan,2009,holden,cruze,cdx jg,2009,22,2026-02-03,2026-03-02,
reject_preview_date,Preview date is future-looking or less consistent with live chronological row order; keep current live date.,https://www.grays.com/lot/0001-21062290/motor-vehicles-motor-cycles/2016-honda-cr-v-4wd-vti-l-rm-ii-automatic-wagon,2016,honda,cr-v,4wd vti-l rm ii,15700,231,2026-01-02,2026-02-01,
reject_preview_date,Preview date is future-looking or less consistent with live chronological row order; keep current live date.,https://www.grays.com/lot/0001-21062780/motor-vehicles-motor-cycles/2016-honda-cr-v-4wd-vti-l-rm-ii-automatic-wagon,2016,honda,cr-v,4wd vti-l rm ii,8267,125,2026-02-11,2026-11-02,
reject_preview_date,Preview date is future-looking or less consistent with live chronological row order; keep current live date.,https://www.grays.com/lot/0001-10352595/motor-vehicles-motor-cycles/2020-land-rover-range-rover-velar-p250-r-dynamic-s-l560-pinkslip-30-1-26,2020,land,rover,range rover velar p250 r-dynamic s l560 - pinkslip 30 1 26,621,6,2026-02-11,2026-11-02,
reject_preview_date,Preview date is future-looking or less consistent with live chronological row order; keep current live date.,https://www.grays.com/lot/0001-10352442/motor-vehicles-motor-cycles/2010-mazda-cx-7-classic-automatic-wagon-pinkslip-issued-23-1-26,2010,mazda,cx-7,classic,1609,26,2026-04-02,2026-02-04,
reject_preview_date,Preview date is future-looking or less consistent with live chronological row order; keep current live date.,https://www.grays.com/lot/0001-21062456/motor-vehicles-motor-cycles/2004-mercedes-benz-clk500-avantgarde-c209-automatic-coupe,2004,mercedes,benz,clk500 avantgarde c209,2309,43,2026-04-02,2026-02-04,
reject_preview_date,Preview date is future-looking or less consistent with live chronological row order; keep current live date.,https://www.grays.com/lot/0001-21062367/motor-vehicles-motor-cycles/2005-mercedes-benz-e350-elegance-w211-automatic-sedan,2005,mercedes,benz,e350 elegance w211,2209,41,2026-02-03,2026-03-02,
reject_preview_date,Preview date is future-looking or less consistent with live chronological row order; keep current live date.,https://www.grays.com/lot/0001-21062834/motor-vehicles-motor-cycles/2006-mercedes-benz-clk-280-elegance-a209-automatic-convertible,2006,mercedes,benz,clk 280 elegance a209,3000,21,2026-02-11,2026-11-02,
reject_preview_date,Preview date is future-looking or less consistent with live chronological row order; keep current live date.,https://www.grays.com/lot/0001-50517800/motor-vehicles-motor-cycles/2014-mercedes-benz-cls-350-cdi-automatic-sedan,2014,mercedes,benz,cls 350 cdi,109,2,2026-02-11,2026-11-02,
reject_preview_date,Preview date is future-looking or less consistent with live chronological row order; keep current live date.,https://www.grays.com/lot/0001-21062861/motor-vehicles-motor-cycles/2010-mini-cooper-r56-lci-automatic-hatchback-rwc-issued-30-01-26,2010,mini,cooper,r56 lci,9,1,2026-02-11,2026-11-02,
reject_preview_date,Preview date is future-looking or less consistent with live chronological row order; keep current live date.,https://www.grays.com/lot/0001-21062157/motor-vehicles-motor-cycles/2016-subaru-forester-2-5i-l-s4-cvt-wagon,2016,subaru,forester,2.5i-l s4,8200,109,2026-02-09,2026-09-02,
reject_preview_date,Preview date is future-looking or less consistent with live chronological row order; keep current live date.,https://www.grays.com/lot/0001-60050060/motor-vehicles-motor-cycles/2018-subaru-outback-2-0d-premium-b6a-turbo-diesel-cvt-wagon,2018,subaru,outback,2.0d premium b6a,13600,173,2026-02-08,2026-08-02,
reject_preview_date,Preview date is future-looking or less consistent with live chronological row order; keep current live date.,https://www.grays.com/lot/0001-9066730/motor-vehicles-motor-cycles/2014-toyota-86-gts-zn6-manual-coupe,2014,toyota,86,gts zn6,12900,136,2026-02-04,2026-04-02,
reject_preview_date,Preview date is future-looking or less consistent with live chronological row order; keep current live date.,https://www.grays.com/lot/0001-10352597/motor-vehicles-motor-cycles/2011-toyota-yaris-yrs-ncp93r-automatic-sedan-pinkslip-issued-5-2-26,2011,toyota,yaris,yrs ncp93r,2100,24,2026-02-11,2026-11-02,
