source_pos,source_from_end,chunk_from_end,url,year,make,model,variant,old_price,new_price,price_delta,old_date_sold,new_date_sold,old_bids,new_bids
17099,4,0,https://www.grays.com/lot/0001-9068437/motor-vehicles-motor-cycles/2014-ford-ranger-xlt-4x4-px-turbo-diesel-automatic-dual-cab,2014,FORD,Ranger,xlt 4x4 px,5600,"$12,600",7000,2026-05-05,05 May 2026,80,182
17098,5,0,https://www.grays.com/lot/0001-9068436/motor-vehicles-motor-cycles/2010-mazda-2-neo-de-automatic-hatchback,2010,MAZDA,2,neo de,909,"$2,209",1300,2026-05-05,05 May 2026,11,31
16358,745,700,https://www.grays.com/lot/0001-21063204/motor-vehicles-motor-cycles/2000-mercedes-benz-clk-320-320-avantgarde-c208-automatic-coupe,2000,mercedes,benz,clk 320 avantgarde c208,109,$509,400,2026-02-19,23 February 2026,2,6
16206,897,800,https://www.grays.com/lot/0001-9067026/motor-vehicles-motor-cycles/2011-ford-territory-ts-sz-turbo-diesel-automatic-wagon,2011,ford,territory,ts sz,2009,"$4,101",2092,2026-02-12,17 February 2026,39,75
16205,898,800,https://www.grays.com/lot/0001-9067015/motor-vehicles-motor-cycles/2007-holden-rodeo-lx-4x4-td-ra-turbo-diesel-manual-dual-cab,2007,holden,rodeo,lx 4x4 td ra,9,"$3,400",3391,2026-02-12,17 February 2026,0,44
16204,899,800,https://www.grays.com/lot/0001-9067012/motor-vehicles-motor-cycles/2012-holden-commodore-sv6-ve-automatic-sedan,2012,holden,commodore,sv6 ve,9,"$2,800",2791,2026-02-12,17 February 2026,1,40
16203,900,900,https://www.grays.com/lot/0001-9067002/motor-vehicles-motor-cycles/2013-holden-cruze-sri-jh-automatic-hatchback,2013,holden,cruze,sri jh,9,$656,647,2026-02-12,17 February 2026,0,9
16202,901,900,https://www.grays.com/lot/0001-9066997/motor-vehicles-motor-cycles/2011-audi-a4-2-0-tdi-b8-turbo-diesel-cvt-sedan,2011,audi,a4,2.0 tdi b8,9,"$2,200",2191,2026-02-12,17 February 2026,1,22
16201,902,900,https://www.grays.com/lot/0001-9066996/motor-vehicles-motor-cycles/2010-kia-rio-si-jb-manual-hatchback,2010,kia,rio,si jb,9,"$1,000",991,2026-02-12,17 February 2026,0,13
16200,903,900,https://www.grays.com/lot/0001-9066995/motor-vehicles-motor-cycles/2007-holden-rodeo-dx-4x2-2-4-ra-manual-cab-chassis,2007,holden,rodeo,dx 4x2 2.4 ra,9,$809,800,2026-02-12,17 February 2026,0,9
16199,904,900,https://www.grays.com/lot/0001-9066991/motor-vehicles-motor-cycles/2006-ford-falcon-xr6-bf-ii-automatic-sedan,2006,ford,falcon,xr6 bf ii,9,$900,891,2026-02-12,17 February 2026,1,9
16198,905,900,https://www.grays.com/lot/0001-9066984/motor-vehicles-motor-cycles/2009-holden-commodore-sv6-ve-automatic-sedan,2009,holden,commodore,sv6 ve,9,$800,791,2026-02-12,17 February 2026,1,8
16197,906,900,https://www.grays.com/lot/0001-9066983/motor-vehicles-motor-cycles/2010-jeep-patriot-sport-mk-cvt-wagon,2010,jeep,patriot,sport mk,9,$709,700,2026-02-12,17 February 2026,0,5
16196,907,900,https://www.grays.com/lot/0001-9066982/motor-vehicles-motor-cycles/2013-holden-sportwagon-sv6-vf-automatic-wagon,2013,holden,sportwagon,sv6 vf,9,"$4,900",4891,2026-02-12,17 February 2026,0,45
16195,908,900,https://www.grays.com/lot/0001-9066981/motor-vehicles-motor-cycles/2010-holden-cruze-cd-jg-automatic-sedan,2010,holden,cruze,cd jg,9,$765,756,2026-02-12,17 February 2026,0,8
16194,909,900,https://www.grays.com/lot/0001-9066979/motor-vehicles-motor-cycles/2011-nissan-dualis-ti-j10-cvt-wagon,2011,nissan,dualis,ti j10,9,"$3,109",3100,2026-02-12,17 February 2026,0,41
16193,910,900,https://www.grays.com/lot/0001-9066978/motor-vehicles-motor-cycles/2008-nissan-dualis-ti-j10-cvt-wagon,2008,nissan,dualis,ti j10,9,$600,591,2026-02-12,17 February 2026,0,5
16192,911,900,https://www.grays.com/lot/0001-9066973/motor-vehicles-motor-cycles/2003-nissan-navara-st-r-4x4-double-cab-d22-turbo-diesel-manual-dual-cab,2003,nissan,navara,st-r 4x4 double cab d22,9,"$1,109",1100,2026-02-12,17 February 2026,0,11
16191,912,900,https://www.grays.com/lot/0001-9066972/motor-vehicles-motor-cycles/2011-toyota-landcruiser-prado-gxl-kdj150r-turbo-diesel-auto7-seats-wagon,2011,toyota,landcruiser,prado gxl kdj150r auto7 seats,9,"$14,500",14491,2026-02-12,17 February 2026,0,132
16190,913,900,https://www.grays.com/lot/0001-9066971/motor-vehicles-motor-cycles/2003-holden-ute-vy-manual-ute,2003,holden,ute,vy,9,"$2,400",2391,2026-02-12,17 February 2026,0,34
16189,914,900,https://www.grays.com/lot/0001-9066970/motor-vehicles-motor-cycles/2010-ford-falcon-fg-automatic-ute,2010,ford,falcon,fg,9,"$1,100",1091,2026-02-12,17 February 2026,0,11
16188,915,900,https://www.grays.com/lot/0001-9066967/motor-vehicles-motor-cycles/2012-subaru-liberty-2-5i-premium-b5-cvt-wagon,2012,subaru,liberty,2.5i premium b5,9,"$2,600",2591,2026-02-12,17 February 2026,1,7
16187,916,900,https://www.grays.com/lot/0001-9066966/motor-vehicles-motor-cycles/2008-toyota-crown-athlete-grs204-import-auto-sedan,2008,toyota,crown,athlete grs204 import,109,"$12,900",12791,2026-02-12,17 February 2026,2,175
16186,917,900,https://www.grays.com/lot/0001-9066965/motor-vehicles-motor-cycles/2010-nissan-x-trail-tl-t31-turbo-diesel-manual-wagon,2010,nissan,x-trail,tl t31,9,"$6,009",6000,2026-02-12,17 February 2026,1,80
16185,918,900,https://www.grays.com/lot/0001-9066964/motor-vehicles-motor-cycles/2014-jeep-grand-cherokee-overland-wk-turbo-diesel-automatic-8-speed-wagon,2014,jeep,grand,cherokee overland wk,9,"$3,900",3891,2026-02-12,17 February 2026,0,50
16184,919,900,https://www.grays.com/lot/0001-9066963/motor-vehicles-motor-cycles/2005-ford-focus-cl-ls-manual-hatchback,2005,ford,focus,cl ls,9,$109,100,2026-02-12,17 February 2026,0,2
16183,920,900,https://www.grays.com/lot/0001-9066962/motor-vehicles-motor-cycles/2013-nissan-pathfinder-st-r52-cvt-7-seats-wagon,2013,nissan,pathfinder,st r52,9,"$1,309",1300,2026-02-12,17 February 2026,0,24
16182,921,900,https://www.grays.com/lot/0001-9066961/motor-vehicles-motor-cycles/2014-peugeot-208-gti-manual-hatchback,2014,peugeot,208,gti,609,"$5,100",4491,2026-02-12,17 February 2026,10,83
16181,922,900,https://www.grays.com/lot/0001-9066960/motor-vehicles-motor-cycles/2000-toyota-avalon-conquest-mcx10r-automatic-sedan,2000,toyota,avalon,conquest mcx10r,9,$509,500,2026-02-12,17 February 2026,0,10
16180,923,900,https://www.grays.com/lot/0001-9066959/motor-vehicles-motor-cycles/2005-bmw-325i-e90-automatic-sedan,2005,bmw,325i,e90,9,$709,700,2026-02-12,17 February 2026,0,8
16179,924,900,https://www.grays.com/lot/0001-9066958/motor-vehicles-motor-cycles/2013-ford-ranger-xl-4x4-px-turbo-diesel-manual-dual-cab,2013,ford,ranger,xl 4x4 px,9,"$6,000",5991,2026-02-12,17 February 2026,1,64
16178,925,900,https://www.grays.com/lot/0001-9066957/motor-vehicles-motor-cycles/2009-audi-a5-3-0-tdi-quattro-8t-turbo-diesel-automatic-coupe,2009,audi,a5,3.0 tdi quattro 8t,9,"$3,200",3191,2026-02-12,17 February 2026,1,46
16177,926,900,https://www.grays.com/lot/0001-9066956/motor-vehicles-motor-cycles/2014-mercedes-benz-cla-45-cla45-amg-awd-c117-7-auto-coupe,2014,mercedes,benz,cla 45 cla45 amg awd c117 7,9500,"$17,000",7500,2026-02-12,17 February 2026,145,200
16176,927,900,https://www.grays.com/lot/0001-9066954/motor-vehicles-motor-cycles/2010-dodge-journey-sxt-automatic-7-seats-people-mover,2010,dodge,journey,sxt,9,$409,400,2026-02-12,17 February 2026,0,6
16175,928,900,https://www.grays.com/lot/0001-9066953/motor-vehicles-motor-cycles/2012-subaru-outback-2-0d-b5a-turbo-diesel-manual-wagon,2012,subaru,outback,2.0d b5a,109,"$1,809",1700,2026-02-12,16 February 2026,2,30
16174,929,900,https://www.grays.com/lot/0001-9066952/motor-vehicles-motor-cycles/2019-holden-trax-ltz-tj-automatic-wagon,2019,holden,trax,ltz tj,9,"$2,700",2691,2026-02-12,17 February 2026,0,12
16173,930,900,https://www.grays.com/lot/0001-9066951/motor-vehicles-motor-cycles/2012-volkswagen-tiguan-118-tsi-5n-manual-wagon,2012,volkswagen,tiguan,118 tsi 5n,9,$809,800,2026-02-12,17 February 2026,0,15
16172,931,900,https://www.grays.com/lot/0001-9066950/motor-vehicles-motor-cycles/2016-ford-ranger-xlt-4x4-px-ii-turbo-diesel-automatic-dual-cab,2016,ford,ranger,xlt 4x4 px ii dual cab,1100,"$11,400",10300,2026-02-12,17 February 2026,7,85
16171,932,900,https://www.grays.com/lot/0001-9066949/motor-vehicles-motor-cycles/2014-nissan-navara-4x4-rx-d40-turbo-diesel-automatic-dual-cab,2014,nissan,navara,4x4 rx d40,209,"$12,200",11991,2026-02-12,17 February 2026,3,135
16170,933,900,https://www.grays.com/lot/0001-9066948/motor-vehicles-motor-cycles/1999-toyota-landcruiser-gxl-fzj105r-automatic-wagon,1999,toyota,landcruiser,gxl fzj105r,9,"$5,600",5591,2026-02-12,17 February 2026,1,68
16169,934,900,https://www.grays.com/lot/0001-9066947/motor-vehicles-motor-cycles/2011-audi-a4-1-8-tfsi-b8-cvt-wagon,2011,audi,a4,1.8 tfsi b8,9,"$1,800",1791,2026-02-12,17 February 2026,0,22
16168,935,900,https://www.grays.com/lot/0001-9066945/motor-vehicles-motor-cycles/2011-skoda-yeti-77tsi-automatic-wagon,2011,skoda,yeti,77tsi,9,"$2,710",2701,2026-02-12,17 February 2026,1,37
16167,936,900,https://www.grays.com/lot/0001-9066944/motor-vehicles-motor-cycles/2015-bmw-x5-m-f85-automatic-8-speed-wagon,2015,bmw,x5,m f85,3900,"$27,700",23800,2026-02-12,17 February 2026,49,163
16166,937,900,https://www.grays.com/lot/0001-9066943/motor-vehicles-motor-cycles/2006-mercedes-benz-e350-elegance-w211-automatic-sedan,2006,mercedes,benz,e350 elegance w211,109,"$5,900",5791,2026-02-12,17 February 2026,2,76
16165,938,900,https://www.grays.com/lot/0001-9066942/motor-vehicles-motor-cycles/2021-toyota-hilux-4x4-sr-gun126r-turbo-diesel-automatic-crew-cab-chassis,2021,toyota,hilux,4x4 sr gun126r,2200,"$32,201",30001,2026-02-12,17 February 2026,13,131
16164,939,900,https://www.grays.com/lot/0001-9066941/motor-vehicles-motor-cycles/2014-mitsubishi-triton-4x4-glx-mn-turbo-diesel-automatic-dual-cab,2014,mitsubishi,triton,4x4 glx mn dual cab,9,"$3,700",3691,2026-02-12,17 February 2026,0,39
16163,940,900,https://www.grays.com/lot/0001-9066940/motor-vehicles-motor-cycles/2020-ldv-t60-luxe-mega-tub-turbo-diesel-automatic-dual-cab,2020,ldv,t60,luxe mega tub,609,"$14,010",13401,2026-02-12,17 February 2026,13,90
16162,941,900,https://www.grays.com/lot/0001-9066938/motor-vehicles-motor-cycles/2012-toyota-hiace-commuter-kdh223r-turbo-diesel-automatic-14-seats-bus,2012,toyota,hiace,commuter kdh223r,209,"$15,600",15391,2026-02-12,17 February 2026,3,200
16161,942,900,https://www.grays.com/lot/0001-9066937/motor-vehicles-motor-cycles/2013-dodge-journey-sxt-automatic-7-seats-wagon,2013,dodge,journey,sxt,9,"$1,900",1891,2026-02-12,17 February 2026,1,24
16160,943,900,https://www.grays.com/lot/0001-9066935/motor-vehicles-motor-cycles/2009-holden-epica-cdx-ep-turbo-diesel-automatic-sedan,2009,holden,epica,cdx ep,9,$309,300,2026-02-12,17 February 2026,0,5
16159,944,900,https://www.grays.com/lot/0001-9066934/motor-vehicles-motor-cycles/2001-mini-cooper-manual-hatchback,2001,mini,cooper,,9,"$1,440",1431,2026-02-12,17 February 2026,1,17
16158,945,900,https://www.grays.com/lot/0001-9066933/motor-vehicles-motor-cycles/2007-suzuki-grand-vitara-v6-jt-automatic-wagon,2007,suzuki,grand,vitara v6 jt,9,"$4,209",4200,2026-02-12,17 February 2026,0,76
16157,946,900,https://www.grays.com/lot/0001-9066923/motor-vehicles-motor-cycles/2012-volkswagen-golf-103tdi-comfortline-a6-turbo-diesel-automatic-hatchback,2012,volkswagen,golf,103tdi comfortline a6,9,"$3,300",3291,2026-02-12,17 February 2026,1,49
16155,948,900,https://www.grays.com/lot/0001-9066917/motor-vehicles-motor-cycles/2007-volkswagen-golf-2-0-fsi-comfortline-a5-automatic-hatchback,2007,volkswagen,golf,2.0 fsi comfortline a5,2900,"$3,000",100,2026-02-12,15 February 2026,8,9
16154,949,900,https://www.grays.com/lot/0001-9066916/motor-vehicles-motor-cycles/2009-peugeot-207-gti-manual-hatchback,2009,peugeot,207,gti,1209,"$3,309",2100,2026-02-12,15 February 2026,22,45
16153,950,900,https://www.grays.com/lot/0001-9066915/motor-vehicles-motor-cycles/2013-mazda-6-atenza-gj-turbo-diesel-automatic-wagon,2013,mazda,6,atenza gj,1100,"$6,800",5700,2026-02-12,15 February 2026,11,41
16152,951,900,https://www.grays.com/lot/0001-9066914/motor-vehicles-motor-cycles/2006-honda-legend-automatic-sedan,2006,honda,legend,,900,"$2,200",1300,2026-02-12,15 February 2026,10,29
16151,952,900,https://www.grays.com/lot/0001-9066913/motor-vehicles-motor-cycles/2005-hyundai-tucson-city-automatic-wagon,2005,hyundai,tucson,city,109,$909,800,2026-02-12,15 February 2026,3,12
16150,953,900,https://www.grays.com/lot/0001-9066779/motor-vehicles-motor-cycles/2008-toyota-landcruiser-sahara-vdj200r-turbo-diesel-automatic-8-seats-wagon,2008,toyota,landcruiser,sahara vdj200r,13000,"$33,900",20900,2026-02-12,17 February 2026,46,158
16149,954,900,https://www.grays.com/lot/0001-60050151/motor-vehicles-motor-cycles/2009-holden-sportwagon-sv6-ve-automatic-wagon,2009,holden,sportwagon,sv6 ve,209,"$2,799",2590,2026-02-12,17 February 2026,3,34
16146,957,900,https://www.grays.com/lot/0001-60050130/motor-vehicles-motor-cycles/2010-ford-falcon-xr6-fg-automatic-sedan,2010,ford,falcon,xr6 fg,209,"$4,356",4147,2026-02-12,16 February 2026,3,74
16143,960,900,https://www.grays.com/lot/0001-60050115/motor-vehicles-motor-cycles/2005-toyota-kluger-cv-automatic-7-seats-wagon,2005,toyota,kluger,cv,909,"$1,409",500,2026-02-12,15 February 2026,15,20
16142,961,900,https://www.grays.com/lot/0001-50714549/motor-vehicles-motor-cycles/2019-kia-optima-si-jf-automatic-sedan,2019,kia,optima,si jf,1889,"$7,000",5111,2026-02-12,16 February 2026,24,32
16140,963,900,https://www.grays.com/lot/0001-50714544/motor-vehicles-motor-cycles/2020-ford-ranger-4x4-px-iii-turbo-diesel-auto-dual-cab-ute-gvm-upgrade,2020,ford,ranger,4x4 px iii dual cab ute (gvm upgrade),3000,"$13,000",10000,2026-02-12,17 February 2026,1,100
16139,964,900,https://www.grays.com/lot/0001-50714539/motor-vehicles-motor-cycles/2011-bmw-x3-xdrive-20d-f25-turbo-diesel-automatic-8-speed-wagon,2011,bmw,x3,xdrive 20d f25,9,"$1,609",1600,2026-02-12,16 February 2026,1,19
16137,966,900,https://www.grays.com/lot/0001-50714519/motor-vehicles-motor-cycles/2013-suzuki-swift-sport-fz-cvt-hatchback,2013,suzuki,swift,sport fz,2200,"$7,452",5252,2026-02-12,15 February 2026,27,83
16136,967,900,https://www.grays.com/lot/0001-50714514/motor-vehicles-motor-cycles/2007-mitsubishi-outlander-xls-zg-cvt-7-seats-wagon,2007,mitsubishi,outlander,xls zg,9,$609,600,2026-02-12,17 February 2026,1,8
16135,968,900,https://www.grays.com/lot/0001-50714508/motor-vehicles-motor-cycles/2017-nissan-serena-import-automatic-8-seats-people-mover,2017,nissan,serena,(import),6800,"$15,300",8500,2026-02-12,15 February 2026,76,181
16134,969,900,https://www.grays.com/lot/0001-50714504/motor-vehicles-motor-cycles/2011-hyundai-santa-fe-highlander-cm-automatic-7-seats-wagon,2011,hyundai,santa,fe highlander cm,600,"$1,500",900,2026-02-12,15 February 2026,5,17
16132,971,900,https://www.grays.com/lot/0001-50714501/motor-vehicles-motor-cycles/2003-nissan-pulsar-q-n16-automatic-hatchback,2003,nissan,pulsar,q n16,9,"$1,909",1900,2026-02-12,15 February 2026,0,23
16131,972,900,https://www.grays.com/lot/0001-50714500/motor-vehicles-motor-cycles/2016-toyota-camry-altise-asv50r-automatic-sedan,2016,toyota,camry,altise asv50r,3480,"$9,700",6220,2026-02-12,16 February 2026,46,130
16130,973,900,https://www.grays.com/lot/0001-50714499/motor-vehicles-motor-cycles/2010-kia-rio-si-jb-automatic-sedan,2010,kia,rio,si jb,1309,"$1,709",400,2026-02-12,15 February 2026,24,29
16129,974,900,https://www.grays.com/lot/0001-21062990/motor-vehicles-motor-cycles/2005-toyota-rav-4-cruiser-aca23r-automatic-wagon,2005,toyota,rav,4 cruiser aca23r,209,"$3,209",3000,2026-02-12,17 February 2026,3,45
16128,975,900,https://www.grays.com/lot/0001-21062989/motor-vehicles-motor-cycles/2013-mitsubishi-asx-4wd-xb-turbo-diesel-automatic-wagon,2013,mitsubishi,asx,4wd xb,9,"$4,300",4291,2026-02-12,17 February 2026,0,44
16122,981,900,https://www.grays.com/lot/0001-21062972/motor-vehicles-motor-cycles/2006-mazda-3-maxx-bk-automatic-sedan,2006,mazda,3,maxx bk,9,"$3,109",3100,2026-02-12,17 February 2026,0,41
16121,982,900,https://www.grays.com/lot/0001-21062971/motor-vehicles-motor-cycles/2012-holden-cruze-cd-jh-automatic-hatchback,2012,holden,cruze,cd jh,9,"$1,509",1500,2026-02-12,17 February 2026,1,17
16120,983,900,https://www.grays.com/lot/0001-21062953/motor-vehicles-motor-cycles/2016-land-rover-range-rover-tdv6-vogue-turbo-diesel-auto-8-speed-wagon,2016,land,rover,range rover tdv6 vogue,2811,"$29,500",26689,2026-02-12,17 February 2026,49,290
16118,985,900,https://www.grays.com/lot/0001-21062951/motor-vehicles-motor-cycles/2017-holden-trax-ltz-tj-automatic-wagon,2017,holden,trax,ltz tj,109,"$4,355",4246,2026-02-12,17 February 2026,2,41
16117,986,900,https://www.grays.com/lot/0001-21062949/motor-vehicles-motor-cycles/2010-volkswagen-passat-cc-125tdi-3cc-turbo-diesel-automatic-coupe,2010,volkswagen,passat,cc 125tdi 3cc,9,"$2,309",2300,2026-02-12,17 February 2026,0,28
16116,987,900,https://www.grays.com/lot/0001-21062948/motor-vehicles-motor-cycles/2013-holden-cruze-sri-jh-manual-sedan,2013,holden,cruze,sri jh,9,"$1,600",1591,2026-02-12,17 February 2026,1,22
16115,988,900,https://www.grays.com/lot/0001-21062947/motor-vehicles-motor-cycles/2005-subaru-impreza-rs-g2-automatic-hatchback,2005,subaru,impreza,rs g2,9,"$2,309",2300,2026-02-12,17 February 2026,1,29
16114,989,900,https://www.grays.com/lot/0001-21062946/motor-vehicles-motor-cycles/2002-mazda-tribute-limited-3-0-automatic-wagon,2002,mazda,tribute,limited 3.0,9,"$1,309",1300,2026-02-12,17 February 2026,1,20
16113,990,900,https://www.grays.com/lot/0001-21062945/motor-vehicles-motor-cycles/2008-toyota-kluger-4x2-kx-r-gsu40r-automatic-wagon,2008,toyota,kluger,4x2 kx-r gsu40r,709,"$3,450",2741,2026-02-12,17 February 2026,15,50
16112,991,900,https://www.grays.com/lot/0001-21062944/motor-vehicles-motor-cycles/2002-mazda-premacy-automatic-hatchback,2002,mazda,premacy,,9,"$1,309",1300,2026-02-12,17 February 2026,0,14
16111,992,900,https://www.grays.com/lot/0001-21062927/motor-vehicles-motor-cycles/2016-hyundai-tucson-elite-awd-tl-automatic-wagon,2016,hyundai,tucson,elite awd tl,5200,"$13,100",7900,2026-02-12,17 February 2026,4,108
16110,993,900,https://www.grays.com/lot/0001-21062921/motor-vehicles-motor-cycles/2007-mazda-cx-7-luxury-automatic-wagon,2007,mazda,cx-7,luxury,109,"$2,009",1900,2026-02-12,17 February 2026,2,23
16109,994,900,https://www.grays.com/lot/0001-21062918/motor-vehicles-motor-cycles/2014-kia-sorento-sli-xm-turbo-diesel-automatic-7-seats-wagon,2014,kia,sorento,sli xm,9,"$7,009",7000,2026-02-12,16 February 2026,1,124
16108,995,900,https://www.grays.com/lot/0001-21062917/motor-vehicles-motor-cycles/2015-audi-q3-1-4-tfsi-cod-8u-automatic-wagon,2015,audi,q3,1.4 tfsi cod 8u,209,"$8,200",7991,2026-02-12,16 February 2026,3,129
16107,996,900,https://www.grays.com/lot/0001-21062916/motor-vehicles-motor-cycles/2013-nissan-pathfinder-st-l-r52-cvt-7-seats-wagon,2013,nissan,pathfinder,st-l r52,109,"$4,900",4791,2026-02-12,16 February 2026,2,77
16106,997,900,https://www.grays.com/lot/0001-21062915/motor-vehicles-motor-cycles/2017-holden-astra-r-bk-automatic-hatchback,2017,holden,astra,r bk,109,"$5,650",5541,2026-02-12,16 February 2026,2,73
16105,998,900,https://www.grays.com/lot/0001-21062914/motor-vehicles-motor-cycles/2004-holden-astra-cd-ts-automatic-hatchback,2004,holden,astra,cd ts,9,$409,400,2026-02-12,16 February 2026,0,9
16104,999,900,https://www.grays.com/lot/0001-21062913/motor-vehicles-motor-cycles/2005-hyundai-getz-s-tb-manual-hatchback,2005,hyundai,getz,s tb,109,$609,500,2026-02-12,16 February 2026,2,7
16103,1000,1000,https://www.grays.com/lot/0001-21062912/motor-vehicles-motor-cycles/2012-hyundai-i20-active-pb-automatic-hatchback,2012,hyundai,i20,active pb,9,"$2,909",2900,2026-02-12,16 February 2026,0,37
16102,1001,1000,https://www.grays.com/lot/0001-21062910/motor-vehicles-motor-cycles/2010-ford-mondeo-lx-mc-automatic-wagon,2010,ford,mondeo,lx mc,9,"$1,209",1200,2026-02-12,16 February 2026,0,13
16101,1002,1000,https://www.grays.com/lot/0001-21062909/motor-vehicles-motor-cycles/2013-jeep-grand-cherokee-laredo-4x4-wk-turbo-diesel-automatic-8-spd-wagon,2013,jeep,grand,cherokee laredo (4x4) wk 8 spd,9,"$4,552",4543,2026-02-12,16 February 2026,1,60
16100,1003,1000,https://www.grays.com/lot/0001-21062904/motor-vehicles-motor-cycles/2015-mazda-cx-5-maxx-ke-automatic-wagon,2015,mazda,cx-5,maxx ke,9,"$6,100",6091,2026-02-12,17 February 2026,1,104
16099,1004,1000,https://www.grays.com/lot/0001-21062903/motor-vehicles-motor-cycles/2009-mazda-6-classic-gh-automatic-sedan,2009,mazda,6,classic gh,9,"$2,509",2500,2026-02-12,17 February 2026,0,31
16098,1005,1000,https://www.grays.com/lot/0001-21062902/motor-vehicles-motor-cycles/2007-nissan-skyline-import-v36-automatic-sedan,2007,nissan,skyline,(import) v36,309,"$6,500",6191,2026-02-12,17 February 2026,5,82
16097,1006,1000,https://www.grays.com/lot/0001-21062901/motor-vehicles-motor-cycles/2007-mercedes-benz-c180-k-sports-coupe-cl203-automatic-coupe,2007,mercedes,benz,c180 k sports cl203,309,"$1,609",1300,2026-02-12,17 February 2026,6,21
16096,1007,1000,https://www.grays.com/lot/0001-21062900/motor-vehicles-motor-cycles/2006-mazda-6-classic-gg-manual-hatchback,2006,mazda,6,classic gg,9,"$2,809",2800,2026-02-12,17 February 2026,0,35
16095,1008,1000,https://www.grays.com/lot/0001-21062899/motor-vehicles-motor-cycles/1999-bmw-z3-manual-coupe,1999,bmw,z3,,2000,"$7,301",5301,2026-02-12,17 February 2026,34,94
16094,1009,1000,https://www.grays.com/lot/0001-21062898/motor-vehicles-motor-cycles/2013-bmw-1-series-120i-e88-automatic-convertible,2013,bmw,1,series 120i e88,9,"$3,700",3691,2026-02-12,17 February 2026,1,18
16093,1010,1000,https://www.grays.com/lot/0001-21062897/motor-vehicles-motor-cycles/2008-toyota-camry-altise-acv40r-automatic-sedan,2008,toyota,camry,altise acv40r,9,"$3,200",3191,2026-02-12,17 February 2026,1,35
16092,1011,1000,https://www.grays.com/lot/0001-21062896/motor-vehicles-motor-cycles/2018-toyota-camry-ascent-asv70r-automatic-sedan,2018,toyota,camry,ascent asv70r,209,"$10,500",10291,2026-02-12,17 February 2026,3,119
16091,1012,1000,https://www.grays.com/lot/0001-21062895/motor-vehicles-motor-cycles/2018-ford-everest-titanium-titanium-4wd-uaii-turbo-diesel-10-auto,2018,ford,everest,titanium titanium 4wd uaii 10,1109,"$23,426",22317,2026-02-12,17 February 2026,12,148
16089,1014,1000,https://www.grays.com/lot/0001-21062892/motor-vehicles-motor-cycles/2004-lexus-rx-rx330-sports-mcu38r-automatic-wagon,2004,lexus,rx,rx330 sports mcu38r,409,"$3,109",2700,2026-02-12,17 February 2026,9,43
16088,1015,1000,https://www.grays.com/lot/0001-21062868/motor-vehicles-motor-cycles/2009-mitsubishi-lancer-es-cj-cvt-sedan,2009,mitsubishi,lancer,es cj,1009,"$3,009",2000,2026-02-12,15 February 2026,14,40
16087,1016,1000,https://www.grays.com/lot/0001-21062864/motor-vehicles-motor-cycles/2014-volvo-s60-t4-automatic-sedan,2014,volvo,s60,t4,801,"$5,201",4400,2026-02-12,15 February 2026,9,76
16086,1017,1000,https://www.grays.com/lot/0001-21062860/motor-vehicles-motor-cycles/2013-nissan-pulsar-st-l-c12-cvt-hatchback,2013,nissan,pulsar,st-l c12,709,"$4,609",3900,2026-02-12,15 February 2026,10,82
16084,1019,1000,https://www.grays.com/lot/0001-21062858/motor-vehicles-motor-cycles/2014-peugeot-308-allure-touring-t9-turbo-diesel-automatic-wagon,2014,peugeot,308,allure touring t9,509,"$2,600",2091,2026-02-12,16 February 2026,7,31
16083,1020,1000,https://www.grays.com/lot/0001-21062857/motor-vehicles-motor-cycles/2012-subaru-forester-x-s3-automatic-wagon,2012,subaru,forester,x s3,509,"$2,900",2391,2026-02-12,16 February 2026,7,39
16082,1021,1000,https://www.grays.com/lot/0001-21062856/motor-vehicles-motor-cycles/2008-subaru-outback-3-0r-premium-b4a-automatic-wagon,2008,subaru,outback,3.0r premium b4a,309,"$2,600",2291,2026-02-12,16 February 2026,5,21
16081,1022,1000,https://www.grays.com/lot/0001-21062855/motor-vehicles-motor-cycles/2014-toyota-hiace-kdh223r-turbo-diesel-automatic-14-seats-bus,2014,toyota,hiace,kdh223r,5350,"$18,400",13050,2026-02-12,16 February 2026,40,153
16080,1023,1000,https://www.grays.com/lot/0001-21062854/motor-vehicles-motor-cycles/2020-mitsubishi-outlander-black-edition-2wd-zl-cvt-7-seats-wagon,2020,mitsubishi,outlander,black edition 2wd zl,2500,"$9,900",7400,2026-02-12,16 February 2026,33,138
16079,1024,1000,https://www.grays.com/lot/0001-21062853/motor-vehicles-motor-cycles/2004-holden-commodore-executive-vy-automatic-wagon,2004,holden,commodore,executive vy,209,$609,400,2026-02-12,15 February 2026,3,7
16078,1025,1000,https://www.grays.com/lot/0001-21062852/motor-vehicles-motor-cycles/2010-ford-fiesta-lx-wt-turbo-diesel-manual-hatchback,2010,ford,fiesta,lx wt,1009,"$1,909",900,2026-02-12,15 February 2026,16,28
16077,1026,1000,https://www.grays.com/lot/0001-21062851/motor-vehicles-motor-cycles/2016-land-rover-range-rover-sport-3-0-tdv6-se-turbo-diesel-auto-8-speed,2016,land,rover,range rover sport 3.0 tdv6 se,3509,"$17,700",14191,2026-02-12,15 February 2026,41,182
16076,1027,1000,https://www.grays.com/lot/0001-21062849/motor-vehicles-motor-cycles/2015-mazda-cx-5-grand-touring-ke-turbo-diesel-automatic-wagon,2015,mazda,cx-5,grand touring ke,3510,"$11,100",7590,2026-02-12,15 February 2026,49,146
16075,1028,1000,https://www.grays.com/lot/0001-21062847/motor-vehicles-motor-cycles/2015-holden-cruze-cd-sportwagon-jh-automatic-wagon,2015,holden,cruze,cd sportwagon jh,209,"$2,732",2523,2026-02-12,15 February 2026,5,38
16074,1029,1000,https://www.grays.com/lot/0001-21062846/motor-vehicles-motor-cycles/2014-toyota-camry-atara-s-asv50r-automatic-sedan,2014,toyota,camry,atara s asv50r,3400,"$9,200",5800,2026-02-12,15 February 2026,33,100
16073,1030,1000,https://www.grays.com/lot/0001-21062845/motor-vehicles-motor-cycles/2012-kia-sorento-platinum-xm-turbo-diesel-automatic-7-seats-wagon,2012,kia,sorento,platinum xm,609,"$5,509",4900,2026-02-12,15 February 2026,8,79
16072,1031,1000,https://www.grays.com/lot/0001-21062844/motor-vehicles-motor-cycles/2012-holden-cruze-cdx-jh-automatic-sedan,2012,holden,cruze,cdx jh,309,"$1,209",900,2026-02-12,15 February 2026,6,15
16071,1032,1000,https://www.grays.com/lot/0001-21062843/motor-vehicles-motor-cycles/2010-volkswagen-golf-gti-a6-automatic-hatchback,2010,volkswagen,golf,gti a6,850,"$3,450",2600,2026-02-12,15 February 2026,10,54
16070,1033,1000,https://www.grays.com/lot/0001-21062842/motor-vehicles-motor-cycles/2011-ford-territory-titanium-sz-awd-turbo-diesel-automatic-7-seats-wagon,2011,ford,territory,titanium sz awd,509,"$3,250",2741,2026-02-12,15 February 2026,7,42
16069,1034,1000,https://www.grays.com/lot/0001-21062841/motor-vehicles-motor-cycles/2011-bmw-x3-xdrive-20d-f25-turbo-diesel-automatic-8-speed-wagon,2011,bmw,x3,xdrive 20d f25,2000,"$3,600",1600,2026-02-12,15 February 2026,11,27
16068,1035,1000,https://www.grays.com/lot/0001-21062840/motor-vehicles-motor-cycles/2010-peugeot-3008-xte-turbo-diesel-automatic-hatchback,2010,peugeot,3008,xte,409,"$1,509",1100,2026-02-12,15 February 2026,6,19
16067,1036,1000,https://www.grays.com/lot/0001-21062838/motor-vehicles-motor-cycles/2008-honda-accord-v6-luxury-8th-gen-automatic-sedan,2008,honda,accord,v6-luxury 8th gen,500,"$3,010",2510,2026-02-12,15 February 2026,2,19
16066,1037,1000,https://www.grays.com/lot/0001-21062837/motor-vehicles-motor-cycles/2008-ford-mondeo-zetec-ma-automatic-hatchback,2008,ford,mondeo,zetec ma,309,$709,400,2026-02-12,15 February 2026,5,11
16065,1038,1000,https://www.grays.com/lot/0001-21062836/motor-vehicles-motor-cycles/2007-audi-a4-2-0-tfsi-quattro-b7-automatic-sedan,2007,audi,a4,2.0 tfsi quattro b7,609,"$4,300",3691,2026-02-12,15 February 2026,7,52
16064,1039,1000,https://www.grays.com/lot/0001-21062835/motor-vehicles-motor-cycles/2006-toyota-camry-altise-acv36r-automatic-sedan,2006,toyota,camry,altise acv36r,109,$909,800,2026-02-12,15 February 2026,2,16
16063,1040,1000,https://www.grays.com/lot/0001-21062831/motor-vehicles-motor-cycles/2011-toyota-landcruiser-prado-gxl-grj150r-automatic-7-seats-wagon,2011,toyota,landcruiser,prado gxl grj150r,8677,"$11,800",3123,2026-02-12,15 February 2026,102,140
16062,1041,1000,https://www.grays.com/lot/0001-21062830/motor-vehicles-motor-cycles/2011-subaru-outback-2-0d-premium-b5a-turbo-diesel-manual-wagon,2011,subaru,outback,2.0d premium b5a,609,"$1,409",800,2026-02-12,15 February 2026,7,15
16061,1042,1000,https://www.grays.com/lot/0001-21062829/motor-vehicles-motor-cycles/2010-subaru-liberty-3-6r-premium-b5-automatic-sedan,2010,subaru,liberty,3.6r premium b5,209,"$2,109",1900,2026-02-12,15 February 2026,3,25
16060,1043,1000,https://www.grays.com/lot/0001-21062828/motor-vehicles-motor-cycles/2012-nissan-dualis-ti-j10-cvt-wagon,2012,nissan,dualis,ti j10,9,"$2,900",2891,2026-02-12,15 February 2026,1,40
16059,1044,1000,https://www.grays.com/lot/0001-21062827/motor-vehicles-motor-cycles/2008-honda-accord-vti-8th-gen-automatic-sedan,2008,honda,accord,vti 8th gen,109,$809,700,2026-02-12,15 February 2026,2,11
16058,1045,1000,https://www.grays.com/lot/0001-21062826/motor-vehicles-motor-cycles/2006-toyota-corolla-ascent-zze122r-manual-hatchback,2006,toyota,corolla,ascent zze122r,250,"$1,750",1500,2026-02-12,15 February 2026,5,31
16057,1046,1000,https://www.grays.com/lot/0001-21062825/motor-vehicles-motor-cycles/2008-subaru-forester-xs-s3-automatic-wagon,2008,subaru,forester,xs s3,409,"$3,813",3404,2026-02-12,15 February 2026,5,50
16056,1047,1000,https://www.grays.com/lot/0001-21062823/motor-vehicles-motor-cycles/2014-renault-captur-expression-automatic-wagon,2014,renault,captur,expression,609,"$5,009",4400,2026-02-12,17 February 2026,9,75
16055,1048,1000,https://www.grays.com/lot/0001-21062821/motor-vehicles-motor-cycles/2013-jeep-grand-cherokee-limited-wk-automatic-8-speed-wagon,2013,jeep,grand,cherokee limited wk,5300,"$7,700",2400,2026-02-12,16 February 2026,49,75
16054,1049,1000,https://www.grays.com/lot/0001-21062820/motor-vehicles-motor-cycles/2011-land-rover-range-rover-sport-3-0-tdv6-turbo-diesel-automatic-wagon,2011,land,rover,range rover sport 3.0 tdv6,2400,"$12,209",9809,2026-02-12,17 February 2026,31,164
16053,1050,1000,https://www.grays.com/lot/0001-21062819/motor-vehicles-motor-cycles/2010-honda-civic-vti-8th-gen-automatic-sedan,2010,honda,civic,vti 8th gen,1300,"$6,805",5505,2026-02-12,16 February 2026,18,89
16052,1051,1000,https://www.grays.com/lot/0001-21062790/motor-vehicles-motor-cycles/2012-ford-focus-trend-lw-automatic-hatchback,2012,ford,focus,trend lw,9,"$3,009",3000,2026-02-12,17 February 2026,0,32
16051,1052,1000,https://www.grays.com/lot/0001-21062789/motor-vehicles-motor-cycles/2012-bmw-x1-manual-wagon,2012,bmw,x1,,9,"$3,909",3900,2026-02-12,17 February 2026,1,67
16049,1054,1000,https://www.grays.com/lot/0001-21062762/motor-vehicles-motor-cycles/2016-toyota-alphard-import-automatic-8-seats-people-mover,2016,toyota,alphard,import automatic,109,"$25,300",25191,2026-02-12,17 February 2026,2,242
16044,1059,1000,https://www.grays.com/lot/0001-10352660/motor-vehicles-motor-cycles/2016-mitsubishi-outlander-ls-awd-safety-pack-zk-cvt-7-seats-wagon,2016,mitsubishi,outlander,ls awd safety pack zk,509,"$10,000",9491,2026-02-12,17 February 2026,6,119
16042,1061,1000,https://www.grays.com/lot/0001-10352640/motor-vehicles-motor-cycles/2022-toyota-rav-4-gx-fwd-mxaa52r-cvt-wagon,2022,toyota,rav,4 gx fwd mxaa52r,909,"$23,900",22991,2026-02-12,16 February 2026,10,108
16037,1066,1000,https://www.grays.com/lot/0001-21062891/motor-vehicles-motor-cycles/2012-volvo-s60-t4-teknik-automatic-sedan,2012,volvo,s60,t4 teknik,209,"$5,500",5291,2026-11-02,16 February 2026,3,65
16036,1067,1000,https://www.grays.com/lot/0001-21062889/motor-vehicles-motor-cycles/2018-jaguar-e-pace-132kw-s-turbo-diesel-9-auto-wagon,2018,jaguar,e-pace,132kw s 9,809,"$14,900",14091,2026-11-02,16 February 2026,14,181
16035,1068,1000,https://www.grays.com/lot/0001-21062888/motor-vehicles-motor-cycles/2017-audi-q3-1-4-tfsi-cod-8u-automatic-wagon,2017,audi,q3,1.4 tfsi cod 8u,609,"$8,909",8300,2026-11-02,16 February 2026,7,124
16034,1069,1000,https://www.grays.com/lot/0001-21062887/motor-vehicles-motor-cycles/2010-mitsubishi-outlander-ls-2wd-zh-manual-wagon,2010,mitsubishi,outlander,ls 2wd zh,9,"$1,010",1001,2026-11-02,16 February 2026,1,19
16033,1070,1000,https://www.grays.com/lot/0001-21062886/motor-vehicles-motor-cycles/2016-volkswagen-golf-92tsi-comfortline-a7-automatic-hatchback,2016,volkswagen,golf,92tsi comfortline a7,109,"$4,100",3991,2026-11-02,16 February 2026,2,55
16032,1071,1000,https://www.grays.com/lot/0001-21062885/motor-vehicles-motor-cycles/2016-mazda-bt-50-4x2-xtr-turbo-diesel-automatic-dual-cab,2016,mazda,bt-50,4x2 xtr,1500,"$16,800",15300,2026-11-02,16 February 2026,12,195
16031,1072,1000,https://www.grays.com/lot/0001-21062884/motor-vehicles-motor-cycles/2016-land-rover-range-rover-sport-4-4-sdv8-hse-td-at-8-speed-wagon,2016,land,rover,range rover sport 4.4 sdv8 hse td at,6109,"$44,200",38091,2026-11-02,16 February 2026,28,462
16030,1073,1000,https://www.grays.com/lot/0001-21062883/motor-vehicles-motor-cycles/2013-nissan-juke-st-f15-cvt-wagon,2013,nissan,juke,st f15,209,"$5,319",5110,2026-11-02,16 February 2026,5,85
16029,1074,1000,https://www.grays.com/lot/0001-21062882/motor-vehicles-motor-cycles/2013-bmw-x1-sdrive-18d-e84-lci-turbo-diesel-automatic-8-speed-wagon,2013,bmw,x1,sdrive 18d e84 lci,500,"$7,800",7300,2026-11-02,16 February 2026,6,111
16028,1075,1000,https://www.grays.com/lot/0001-21062881/motor-vehicles-motor-cycles/2013-audi-a3-automatic-hatchback,2013,audi,a3,,409,"$6,100",5691,2026-11-02,16 February 2026,7,102
16027,1076,1000,https://www.grays.com/lot/0001-21062878/motor-vehicles-motor-cycles/2010-bmw-x5-xdrive-30d-e70-lci-turbo-diesel-automatic-8-speed-wagon,2010,bmw,x5,xdrive 30d e70 lci,409,"$5,100",4691,2026-11-02,16 February 2026,5,37
16026,1077,1000,https://www.grays.com/lot/0001-21062877/motor-vehicles-motor-cycles/2008-holden-commodore-ss-v-ve-automatic-sedan,2008,holden,commodore,ss v ve,509,"$9,200",8691,2026-11-02,16 February 2026,6,147
16025,1078,1000,https://www.grays.com/lot/0001-21062876/motor-vehicles-motor-cycles/2010-bmw-x3-xdrive-20d-f25-turbo-diesel-automatic-8-speed-wagon,2010,bmw,x3,xdrive 20d f25,9,"$3,609",3600,2026-11-02,16 February 2026,1,44
16024,1079,1000,https://www.grays.com/lot/0001-21062873/motor-vehicles-motor-cycles/2008-bmw-120i-20i-e87-automatic-hatchback,2008,bmw,120i,20i e87,9,$309,300,2026-11-02,16 February 2026,0,4
16022,1081,1000,https://www.grays.com/lot/0001-21062871/motor-vehicles-motor-cycles/2006-mitsubishi-outlander-ls-zf-automatic-wagon,2006,mitsubishi,outlander,ls zf,9,"$1,809",1800,2026-11-02,16 February 2026,1,19
16021,1082,1000,https://www.grays.com/lot/0001-21062870/motor-vehicles-motor-cycles/2010-mazda-2-neo-de-automatic-hatchback,2010,mazda,2,neo de,9,"$3,009",3000,2026-11-02,16 February 2026,1,31
16020,1083,1000,https://www.grays.com/lot/0001-21062869/motor-vehicles-motor-cycles/2015-peugeot-2008-active-automatic-wagon,2015,peugeot,2008,active,109,"$4,700",4591,2026-11-02,16 February 2026,2,68
16019,1084,1000,https://www.grays.com/lot/0001-21062867/motor-vehicles-motor-cycles/2006-suzuki-swift-ez-automatic-hatchback,2006,suzuki,swift,ez,9,"$1,709",1700,2026-11-02,15 February 2026,0,20
16018,1085,1000,https://www.grays.com/lot/0001-21062866/motor-vehicles-motor-cycles/2008-mazda-2-maxx-de-automatic-hatchback,2008,mazda,2,maxx de,109,"$3,909",3800,2026-11-02,15 February 2026,2,50
16017,1086,1000,https://www.grays.com/lot/0001-21062865/motor-vehicles-motor-cycles/2009-bmw-118i-18i-e87-automatic-hatchback,2009,bmw,118i,18i e87,9,"$2,009",2000,2026-11-02,15 February 2026,0,23
16016,1087,1000,https://www.grays.com/lot/0001-21062863/motor-vehicles-motor-cycles/2013-mazda-cx-5-akera-ke-turbo-diesel-automatic-wagon,2013,mazda,cx-5,akera ke,109,"$4,100",3991,2026-11-02,15 February 2026,2,39
16014,1089,1000,https://www.grays.com/lot/0001-21062839/motor-vehicles-motor-cycles/2010-ford-territory-ts-sy-ii-automatic-wagon,2010,ford,territory,ts sy ii,709,"$2,837",2128,2026-11-02,16 February 2026,12,38
16012,1091,1000,https://www.grays.com/lot/0001-21062818/motor-vehicles-motor-cycles/2015-mercedes-benz-gle-class-gle350d-4matic-w166-turbo-diesel-at-wagon,2015,mercedes,benz,gle-class gle350d 4matic w166 at,6240,"$14,310",8070,2026-11-02,15 February 2026,69,172
16011,1092,1000,https://www.grays.com/lot/0001-21062817/motor-vehicles-motor-cycles/2007-volkswagen-golf-2-0-tdi-comfortline-a5-turbo-diesel-at-hatchback,2007,volkswagen,golf,2.0 tdi comfortline a5 at,309,"$1,809",1500,2026-11-02,15 February 2026,4,19
16010,1093,1000,https://www.grays.com/lot/0001-21062816/motor-vehicles-motor-cycles/2014-hyundai-i30-trophy-gd-automatic-hatchback,2014,hyundai,i30,trophy gd,809,"$3,302",2493,2026-11-02,15 February 2026,6,41
16009,1094,1000,https://www.grays.com/lot/0001-21062814/motor-vehicles-motor-cycles/2011-land-rover-discovery-2-7-tdv6-series-4-turbo-diesel-auto-7-seats-wagon,2011,land,rover,discovery 2.7 tdv6 series 4,1700,"$7,000",5300,2026-11-02,15 February 2026,8,71
16008,1095,1000,https://www.grays.com/lot/0001-21062813/motor-vehicles-motor-cycles/2016-holden-cruze-z-series-jh-automatic-hatchback,2016,holden,cruze,z series jh,9,"$2,110",2101,2026-11-02,15 February 2026,0,26
16007,1096,1000,https://www.grays.com/lot/0001-21062812/motor-vehicles-motor-cycles/2016-audi-q5-2-0-tdi-quattro-8r-turbo-diesel-automatic-wagon,2016,audi,q5,2.0 tdi quattro 8r,1309,"$9,100",7791,2026-11-02,15 February 2026,14,118
16006,1097,1000,https://www.grays.com/lot/0001-21062811/motor-vehicles-motor-cycles/2015-volkswagen-golf-alltrack-132tsi-a7-automatic-wagon,2015,volkswagen,golf,alltrack 132tsi a7,509,"$5,100",4591,2026-11-02,15 February 2026,8,56
16005,1098,1000,https://www.grays.com/lot/0001-21062809/motor-vehicles-motor-cycles/2012-jeep-grand-cherokee-laredo-wk-turbo-diesel-automatic-wagon,2012,jeep,grand,cherokee laredo wk,500,"$2,900",2400,2026-11-02,15 February 2026,3,46
16004,1099,1000,https://www.grays.com/lot/0001-21062808/motor-vehicles-motor-cycles/2013-alfa-romeo-giulietta-progression-automatic-hatchback,2013,alfa,romeo,giulietta progression,9,"$2,000",1991,2026-11-02,15 February 2026,1,23
16003,1100,1100,https://www.grays.com/lot/0001-21062807/motor-vehicles-motor-cycles/2007-chrysler-pt-cruiser-grand-tourer-automatic-hatchback,2007,chrysler,pt,cruiser grand tourer,409,"$1,809",1400,2026-11-02,15 February 2026,5,26
16002,1101,1100,https://www.grays.com/lot/0001-21062806/motor-vehicles-motor-cycles/2005-ford-fiesta-ghia-wq-automatic-hatchback,2005,ford,fiesta,ghia wq,109,"$1,709",1600,2026-11-02,15 February 2026,2,22
16001,1102,1100,https://www.grays.com/lot/0001-21062805/motor-vehicles-motor-cycles/2004-mazda-bravo-dx-plus-freestyle-b2500-turbo-diesel-manual-ute,2004,mazda,bravo,dx plus freestyle b2500,109,"$1,575",1466,2026-11-02,15 February 2026,2,19
16000,1103,1100,https://www.grays.com/lot/0001-21062803/motor-vehicles-motor-cycles/2014-mitsubishi-outlander-es-4wd-zj-cvt-wagon,2014,mitsubishi,outlander,es 4wd zj,1000,"$4,000",3000,2026-11-02,15 February 2026,7,43
15999,1104,1100,https://www.grays.com/lot/0001-21062802/motor-vehicles-motor-cycles/2012-volkswagen-passat-125tdi-highline-3c-turbo-diesel-automatic-sedan,2012,volkswagen,passat,125tdi highline 3c,609,"$5,300",4691,2026-11-02,15 February 2026,10,67
15998,1105,1100,https://www.grays.com/lot/0001-21062801/motor-vehicles-motor-cycles/2019-ldv-t60-luxe-turbo-diesel-automatic-dual-cab,2019,ldv,t60,luxe,3700,"$8,000",4300,2026-11-02,15 February 2026,42,97
15997,1106,1100,https://www.grays.com/lot/0001-21062800/motor-vehicles-motor-cycles/2014-volvo-xc90-d5-r-design-turbo-diesel-automatic-7-seats-wagon,2014,volvo,xc90,d5 r-design,1409,"$7,000",5591,2026-11-02,15 February 2026,16,97
15996,1107,1100,https://www.grays.com/lot/0001-21062799/motor-vehicles-motor-cycles/2011-holden-captiva-5-2wd-cg-ii-manual-wagon,2011,holden,captiva,5 2wd cg ii,9,"$1,050",1041,2026-11-02,15 February 2026,1,14
15995,1108,1100,https://www.grays.com/lot/0001-21062798/motor-vehicles-motor-cycles/2008-volkswagen-passat-2-0-tdi-125kw-3c-turbo-diesel-automatic-wagon,2008,volkswagen,passat,2.0 tdi 125kw 3c,209,"$1,009",800,2026-11-02,15 February 2026,3,14
15994,1109,1100,https://www.grays.com/lot/0001-21062797/motor-vehicles-motor-cycles/2008-kia-sorento-lx-bl-turbo-diesel-manual-wagon,2008,kia,sorento,lx bl,609,"$2,809",2200,2026-11-02,15 February 2026,9,37
15993,1110,1100,https://www.grays.com/lot/0001-21062796/motor-vehicles-motor-cycles/2003-holden-commodore-acclaim-vy-automatic-sedan,2003,holden,commodore,acclaim vy,1250,"$2,400",1150,2026-11-02,12 February 2026,23,42
15992,1111,1100,https://www.grays.com/lot/0001-21062795/motor-vehicles-motor-cycles/2009-toyota-yaris-yr-ncp90r-manual-hatchback,2009,toyota,yaris,yr ncp90r,709,"$2,009",1300,2026-11-02,15 February 2026,9,29
15991,1112,1100,https://www.grays.com/lot/0001-21062794/motor-vehicles-motor-cycles/2015-nissan-pathfinder-st-l-r52-cvt-7-seats-wagon,2015,nissan,pathfinder,st-l r52,5209,"$8,200",2991,2026-11-02,12 February 2026,93,121
15990,1113,1100,https://www.grays.com/lot/0001-21062793/motor-vehicles-motor-cycles/2013-hyundai-veloster-sr-turbo-fs-automatic-coupe,2013,hyundai,veloster,sr turbo fs,1309,"$4,800",3491,2026-11-02,12 February 2026,14,55
15989,1114,1100,https://www.grays.com/lot/0001-21062792/motor-vehicles-motor-cycles/2013-ford-territory-tx-sz-turbo-diesel-automatic-wagon,2013,ford,territory,tx sz,909,"$3,700",2791,2026-11-02,12 February 2026,11,43
15986,1117,1100,https://www.grays.com/lot/0001-21062779/motor-vehicles-motor-cycles/2016-volkswagen-tiguan-132tsi-comfortline-mk2-automatic-wagon,2016,volkswagen,tiguan,132tsi comfortline mk2,7500,"$10,600",3100,2026-11-02,12 February 2026,75,119
15985,1118,1100,https://www.grays.com/lot/0001-21062778/motor-vehicles-motor-cycles/2014-nissan-qashqai-tl-j11-turbo-diesel-cvt-wagon,2014,nissan,qashqai,tl j11,1909,"$4,309",2400,2026-11-02,12 February 2026,31,55
15984,1119,1100,https://www.grays.com/lot/0001-21062777/motor-vehicles-motor-cycles/2014-nissan-pathfinder-st-r52-cvt-7-seats-wagon,2014,nissan,pathfinder,st r52,709,"$5,400",4691,2026-11-02,12 February 2026,8,63
15983,1120,1100,https://www.grays.com/lot/0001-21062776/motor-vehicles-motor-cycles/2015-volkswagen-golf-r-a7-manual-hatchback,2015,volkswagen,golf,r a7,6400,"$8,300",1900,2026-11-02,12 February 2026,77,95
15982,1121,1100,https://www.grays.com/lot/0001-21062775/motor-vehicles-motor-cycles/2013-hyundai-i30-active-gd-automatic-hatchback,2013,hyundai,i30,active gd,2600,"$5,900",3300,2026-11-02,12 February 2026,28,82
15981,1122,1100,https://www.grays.com/lot/0001-21062774/motor-vehicles-motor-cycles/2013-alfa-romeo-giulietta-qv-manual-hatchback,2013,alfa,romeo,giulietta qv,1809,"$4,609",2800,2026-11-02,12 February 2026,28,73
15980,1123,1100,https://www.grays.com/lot/0001-21062773/motor-vehicles-motor-cycles/2012-volkswagen-passat-118tsi-3c-automatic-sedan,2012,volkswagen,passat,118tsi 3c,1600,"$2,100",500,2026-11-02,12 February 2026,17,20
15979,1124,1100,https://www.grays.com/lot/0001-21062772/motor-vehicles-motor-cycles/2010-volkswagen-golf-gti-a6-automatic-hatchback,2010,volkswagen,golf,gti a6,3409,"$6,309",2900,2026-11-02,12 February 2026,55,94
15978,1125,1100,https://www.grays.com/lot/0001-21062771/motor-vehicles-motor-cycles/2010-ford-ranger-xl-4x2-pk-turbo-diesel-automatic-dual-cab,2010,ford,ranger,xl 4x2 pk,2100,"$5,400",3300,2026-11-02,12 February 2026,40,104
15977,1126,1100,https://www.grays.com/lot/0001-21062770/motor-vehicles-motor-cycles/2008-audi-a6-2-0-tfsi-c6-cvt-sedan,2008,audi,a6,2.0 tfsi c6,9,$409,400,2026-11-02,12 February 2026,1,7
15975,1128,1100,https://www.grays.com/lot/0001-21062768/motor-vehicles-motor-cycles/2014-mercedes-s400-import-automatic-sedan,2014,mercedes,s400,import,7100,"$24,200",17100,2026-11-02,15 February 2026,71,229
15974,1129,1100,https://www.grays.com/lot/0001-21062767/motor-vehicles-motor-cycles/2015-renault-megane-gt-line-automatic-wagon,2015,renault,megane,gt-line,600,"$2,601",2001,2026-11-02,15 February 2026,2,33
15973,1130,1100,https://www.grays.com/lot/0001-21062766/motor-vehicles-motor-cycles/2004-mazda-6-luxury-sports-gg-automatic-hatchback,2004,mazda,6,luxury sports gg,9,"$1,909",1900,2026-11-02,15 February 2026,1,21
15971,1132,1100,https://www.grays.com/lot/0001-21062764/motor-vehicles-motor-cycles/2010-volkswagen-passat-125tdi-highline-3c-turbo-diesel-automatic-sedan,2010,volkswagen,passat,125tdi highline 3c,409,"$4,400",3991,2026-11-02,15 February 2026,7,65
15970,1133,1100,https://www.grays.com/lot/0001-21062763/motor-vehicles-motor-cycles/2003-toyota-rav-4-extreme-aca21r-automatic-wagon,2003,toyota,rav,4 extreme aca21r,300,$900,600,2026-11-02,15 February 2026,4,10
15967,1136,1100,https://www.grays.com/lot/0001-21062754/motor-vehicles-motor-cycles/2006-holden-viva-jf-automatic-hatchback,2006,holden,viva,jf,9,$609,600,2026-11-02,15 February 2026,1,7
15966,1137,1100,https://www.grays.com/lot/0001-21062753/motor-vehicles-motor-cycles/2015-bmw-2-series-220i-f22-automatic-8-speed-coupe,2015,bmw,2,series 220i f22,2800,"$15,000",12200,2026-11-02,15 February 2026,49,110
15965,1138,1100,https://www.grays.com/lot/0001-21062751/motor-vehicles-motor-cycles/2014-holden-cruze-sri-z-series-jh-automatic-sedan,2014,holden,cruze,sri z series jh,9,"$2,009",2000,2026-11-02,15 February 2026,1,34
15964,1139,1100,https://www.grays.com/lot/0001-21062749/motor-vehicles-motor-cycles/2015-ford-fiesta-ambiente-wz-automatic-hatchback,2015,ford,fiesta,ambiente wz,9,"$3,600",3591,2026-11-02,15 February 2026,1,42
15963,1140,1100,https://www.grays.com/lot/0001-21062747/motor-vehicles-motor-cycles/2015-toyota-rav-4-fwd-gx-zsa42r-cvt-wagon,2015,toyota,rav,4 fwd gx zsa42r,4200,"$14,800",10600,2026-11-02,16 February 2026,33,141
15960,1143,1100,https://www.grays.com/lot/0001-21062743/motor-vehicles-motor-cycles/2016-toyota-camry-altise-asv50r-automatic-sedan,2016,toyota,camry,altise asv50r,409,"$9,350",8941,2026-11-02,15 February 2026,6,124
15959,1144,1100,https://www.grays.com/lot/0001-21062741/motor-vehicles-motor-cycles/2013-mercedes-benz-e350-automatic-sedan,2013,mercedes-benz,e350,,3909,"$15,900",11991,2026-11-02,16 February 2026,76,198
15958,1145,1100,https://www.grays.com/lot/0001-21062739/motor-vehicles-motor-cycles/2011-volkswagen-touareg-v6-fsi-7p-automatic-8-speed-wagon,2011,volkswagen,touareg,v6 fsi 7p,9,"$4,909",4900,2026-11-02,15 February 2026,1,72
15957,1146,1100,https://www.grays.com/lot/0001-21062716/motor-vehicles-motor-cycles/2016-holden-spark-lt-mp-cvt-hatchback,2016,holden,spark,lt mp,1100,"$2,700",1600,2026-11-02,12 February 2026,11,27
15956,1147,1100,https://www.grays.com/lot/0001-21062715/motor-vehicles-motor-cycles/2013-bmw-x5-xdrive-40d-sport-e70-lci-t-d-auto-8-speed-7-seats-wagon,2013,bmw,x5,xdrive 40d sport e70 lci t d,2200,"$5,201",3001,2026-11-02,12 February 2026,37,68
15955,1148,1100,https://www.grays.com/lot/0001-21062714/motor-vehicles-motor-cycles/2002-toyota-camry-ateva-acv36r-automatic-sedan,2002,toyota,camry,ateva acv36r,809,"$3,900",3091,2026-11-02,12 February 2026,9,46
15953,1150,1100,https://www.grays.com/lot/0001-21062697/motor-vehicles-motor-cycles/2012-hyundai-i30-elite-gd-automatic-hatchback,2012,hyundai,i30,elite gd,609,"$5,600",4991,2026-11-02,16 February 2026,7,65
15952,1151,1100,https://www.grays.com/lot/0001-21062693/motor-vehicles-motor-cycles/2008-volkswagen-golf-gti-a5-automatic-hatchback,2008,volkswagen,golf,gti a5,309,"$1,109",800,2026-11-02,12 February 2026,5,13
15951,1152,1100,https://www.grays.com/lot/0001-21062689/motor-vehicles-motor-cycles/2008-peugeot-308-xse-hdi-touring-turbo-diesel-automatic-wagon,2008,peugeot,308,xse hdi touring,9,$109,100,2026-11-02,15 February 2026,0,2
15950,1153,1100,https://www.grays.com/lot/0001-21062681/motor-vehicles-motor-cycles/2013-audi-q3-2-0-tfsi-quattro-8u-automatic-wagon,2013,audi,q3,2.0 tfsi quattro 8u,3109,"$6,900",3791,2026-11-02,12 February 2026,45,87
15949,1154,1100,https://www.grays.com/lot/0001-21062673/motor-vehicles-motor-cycles/2021-toyota-landcruiser-prado-gx-gdj150r-turbo-diesel-automatic-wagon,2021,toyota,landcruiser,prado gx gdj150r,22488,"$40,100",17612,2026-11-02,12 February 2026,51,187
15948,1155,1100,https://www.grays.com/lot/0001-21062624/motor-vehicles-motor-cycles/2004-bmw-330i-m-sport-e46-automatic-sedan,2004,bmw,330i,m-sport e46,109,"$1,809",1700,2026-11-02,15 February 2026,2,27
15947,1156,1100,https://www.grays.com/lot/0001-21062581/motor-vehicles-motor-cycles/2014-mini-cooper-countryman-sd-all4-r60-turbo-diesel-automatic-wagon,2014,mini,cooper,countryman sd all4 r60,2400,"$12,900",10500,2026-11-02,15 February 2026,42,59
15946,1157,1100,https://www.grays.com/lot/0001-21062480/motor-vehicles-motor-cycles/2011-audi-a7-sportback-3-0-tdi-quattro-4g-turbo-diesel-automatic-hatchback,2011,audi,a7,sportback 3.0 tdi quattro 4g,10000,"$10,800",800,2026-11-02,12 February 2026,77,86
15945,1158,1100,https://www.grays.com/lot/0001-21062467/motor-vehicles-motor-cycles/2007-toyota-yaris-yrs-ncp93r-automatic-sedan,2007,toyota,yaris,yrs ncp93r,9,"$3,309",3300,2026-11-02,15 February 2026,1,46
15938,1165,1100,https://www.grays.com/lot/0001-10352625/motor-vehicles-motor-cycles/2015-mini-cooper-f55-automatic-wagon,2015,mini,cooper,f55,321,"$6,210",5889,2026-11-02,16 February 2026,4,73
15937,1166,1100,https://www.grays.com/lot/0001-10352611/motor-vehicles-motor-cycles/2008-holden-ute-sv6-ve-automatic-ute,2008,holden,ute,sv6 ve,509,"$3,210",2701,2026-11-02,15 February 2026,12,54
15932,1171,1100,https://www.grays.com/lot/0001-10352603/motor-vehicles-motor-cycles/2002-holden-calais-vx-automatic-sedan,2002,holden,calais,vx,1109,"$5,700",4591,2026-11-02,15 February 2026,16,57
15931,1172,1100,https://www.grays.com/lot/0001-10352602/motor-vehicles-motor-cycles/2011-mitsubishi-lancer-sx-cj-cvt-sedan,2011,mitsubishi,lancer,sx cj,309,"$3,109",2800,2026-11-02,15 February 2026,4,47
15927,1176,1100,https://www.grays.com/lot/0001-10352596/motor-vehicles-motor-cycles/2019-honda-civic-vti-l-10th-gen-cvt-sedan,2019,honda,civic,vti-l 10th gen,4700,"$13,300",8600,2026-11-02,15 February 2026,82,156
15922,1181,1100,https://www.grays.com/lot/0001-10352591/motor-vehicles-motor-cycles/2010-renault-kangoo-automatic-van,2010,renault,kangoo,van,109,$409,300,2026-11-02,15 February 2026,2,7
15730,1373,1300,https://www.grays.com/lot/0001-21062596/motor-vehicles-motor-cycles/2013-toyota-camry-atara-s-asv50r-automatic-sedan,2013,toyota,camry,atara s asv50r,3109,"$5,212",2103,2026-08-02,08 February 2026,51,78
