curve_lane,source_path,scraped_at,ad_id,url,title,make,model,year,badge,series,price,odometer,body_type,transmission,fuel_type,engine,seller_type
ford_falcon_xt_ba,CSV_data/quality/carsales_apify_listings.csv,2026-07-03T16:33:28.246Z,SSE-AD-20597690,https://www.carsales.com.au/cars/details/2002-ford-falcon-xt-ba-auto/SSE-AD-20597690/,2002 Ford Falcon XT BA Auto,Ford,Falcon,2002,XT,BA,4200,196404.0,Sedan,Automatic,Petrol - Unleaded Ulp,"6 cylinders, Petrol Aspirated, 4.0L",Private
ford_falcon_xt_ba,CSV_data/quality/carsales_apify_listings.csv,2026-07-03T16:33:39.016Z,SSE-AD-20439300,https://www.carsales.com.au/cars/details/2003-ford-falcon-xt-ba-auto/SSE-AD-20439300/,2003 Ford Falcon XT BA Auto,Ford,Falcon,2003,XT,BA,6000,106000.0,Sedan,Automatic,Petrol - Unleaded Ulp,"6 cylinders, Petrol Aspirated, 4.0L",Private
ford_falcon_xt_ba,CSV_data/quality/carsales_apify_listings.csv,2026-07-03T16:33:11.919Z,SSE-AD-20578992,https://www.carsales.com.au/cars/details/2003-ford-falcon-xt-ba-auto/SSE-AD-20578992/,2003 Ford Falcon XT BA Auto,Ford,Falcon,2003,XT,BA,3500,273098.0,Sedan,Automatic,Petrol - Unleaded Ulp,"6 cylinders, Petrol Aspirated, 4.0L",Private
ford_falcon_xt_ba,CSV_data/quality/carsales_apify_listings.csv,2026-07-03T16:33:33.718Z,SSE-AD-20614217,https://www.carsales.com.au/cars/details/2003-ford-falcon-xt-ba-auto/SSE-AD-20614217/,2003 Ford Falcon XT BA Auto,Ford,Falcon,2003,XT,BA,5750,279300.0,Sedan,Automatic,Petrol - Unleaded Ulp,"6 cylinders, Petrol Aspirated, 4.0L",Private
ford_falcon_xt_ba,CSV_data/quality/carsales_apify_listings.csv,2026-07-03T16:33:42.306Z,SSE-AD-18421568,https://www.carsales.com.au/cars/details/2003-ford-falcon-xt-ba-auto/SSE-AD-18421568/,2003 Ford Falcon XT BA Auto,Ford,Falcon,2003,XT,BA,6000,291000.0,Sedan,Automatic,Petrol - Unleaded Ulp,"6 cylinders, Petrol Aspirated, 4.0L",Private
ford_falcon_xt_ba,CSV_data/quality/carsales_apify_listings.csv,2026-07-03T16:33:24.833Z,SSE-AD-20520451,https://www.carsales.com.au/cars/details/2004-ford-falcon-xt-ba-auto/SSE-AD-20520451/,2004 Ford Falcon XT BA Auto,Ford,Falcon,2004,XT,BA,3500,189500.0,Sedan,Automatic,Petrol - Unleaded Ulp,"6 cylinders, Petrol Aspirated, 4.0L",Private
ford_falcon_xt_ba,CSV_data/quality/carsales_apify_listings.csv,2026-07-03T16:33:45.125Z,SSE-AD-17471759,https://www.carsales.com.au/cars/details/2004-ford-falcon-xt-ba-auto/SSE-AD-17471759/,2004 Ford Falcon XT BA Auto,Ford,Falcon,2004,XT,BA,4900,411000.0,Sedan,Automatic,Petrol - Unleaded Ulp,"6 cylinders, Petrol Aspirated, 4.0L",Private
hyundai_i30_sx_fd_manual,CSV_data/quality/carsales_apify_listings.csv,2026-07-01T10:32:37.686Z,SSE-AD-20603934,https://www.carsales.com.au/cars/details/2008-hyundai-i30-sx-manual-my09/SSE-AD-20603934/,2008 Hyundai i30 SX Manual MY09,Hyundai,I30,2008,SX,FD,4900,61573.0,Hatch,Manual,Petrol - Unleaded Ulp,"4 cylinders, Petrol Aspirated, 2.0L",Private
hyundai_i30_sx_fd_manual,CSV_data/scrapers/carsales_grays_targets_batch3_20260809.csv,2026-08-09T14:06:36.476Z,SSE-AD-20610719,https://www.carsales.com.au/cars/details/2010-hyundai-i30-sx-manual-my10/SSE-AD-20610719/,2010 Hyundai i30 SX Manual MY10,hyundai,i30,2010,sx,FD,6000,109927.0,hatch,manual,petrol - unleaded ulp,"4 cylinders, Petrol Aspirated, 2.0L",private
hyundai_i30_sx_fd_manual,CSV_data/scrapers/carsales_grays_targets_batch3_20260809.csv,2026-08-09T14:00:39.083Z,SSE-AD-20726518,https://www.carsales.com.au/cars/details/2011-hyundai-i30-sx-manual-my11/SSE-AD-20726518/,2011 Hyundai i30 SX Manual MY11,hyundai,i30,2011,sx,FD,6500,132735.0,hatch,manual,petrol - unleaded ulp,"4 cylinders, Petrol Aspirated, 1.6L",private
hyundai_i30_sx_fd_manual,CSV_data/scrapers/carsales_grays_targets_batch3_20260809.csv,2026-08-09T14:02:22.985Z,SSE-AD-20756313,https://www.carsales.com.au/cars/details/2011-hyundai-i30-sx-manual-my11/SSE-AD-20756313/,2011 Hyundai i30 SX Manual MY11,hyundai,i30,2011,sx,FD,7500,153788.0,hatch,manual,petrol - unleaded ulp,"4 cylinders, Petrol Aspirated, 2.0L",private
hyundai_i30_sx_fd_manual,CSV_data/scrapers/carsales_grays_targets_batch3_20260809.csv,2026-08-09T14:09:22.679Z,SSE-AD-20435588,https://www.carsales.com.au/cars/details/2011-hyundai-i30-sx-manual-my11/SSE-AD-20435588/,2011 Hyundai i30 SX Manual MY11,hyundai,i30,2011,sx,FD,4500,158000.0,hatch,manual,petrol - unleaded ulp,"4 cylinders, Petrol Aspirated, 1.6L",private
hyundai_i30_sx_fd_manual,CSV_data/quality/carsales_apify_listings.csv,2026-07-01T10:32:39.321Z,SSE-AD-20554607,https://www.carsales.com.au/cars/details/2011-hyundai-i30-sx-manual-my11/SSE-AD-20554607/,2011 Hyundai i30 SX Manual MY11,Hyundai,I30,2011,SX,FD,7000,160000.0,Hatch,Manual,Petrol - Unleaded Ulp,"4 cylinders, Petrol Aspirated, 2.0L",Private
hyundai_i30_sx_fd_manual,CSV_data/quality/carsales_apify_listings.csv,2026-07-01T10:32:26.578Z,SSE-AD-20496024,https://www.carsales.com.au/cars/details/2011-hyundai-i30-sx-manual-my11/SSE-AD-20496024/,2011 Hyundai i30 SX Manual MY11,Hyundai,I30,2011,SX,FD,5500,176747.0,Hatch,Manual,Petrol - Unleaded Ulp,"4 cylinders, Petrol Aspirated, 1.6L",Private
hyundai_i30_sx_fd_manual,CSV_data/quality/carsales_apify_listings.csv,2026-07-01T10:32:21.956Z,SSE-AD-20599524,https://www.carsales.com.au/cars/details/2011-hyundai-i30-sx-manual-my11/SSE-AD-20599524/,2011 Hyundai i30 SX Manual MY11,Hyundai,I30,2011,SX,FD,4000,235661.0,Hatch,Manual,Petrol - Unleaded Ulp,"4 cylinders, Petrol Aspirated, 2.0L",Private
hyundai_i30_sx_fd_manual,CSV_data/quality/carsales_apify_listings.csv,2026-07-01T10:32:14.337Z,SSE-AD-20408931,https://www.carsales.com.au/cars/details/2012-hyundai-i30-sx-manual-my11/SSE-AD-20408931/,2012 Hyundai i30 SX Manual MY11,Hyundai,I30,2012,SX,FD,5500,199100.0,Hatch,Manual,Petrol - Unleaded Ulp,"4 cylinders, Petrol Aspirated, 1.6L",Private
toyota_camry_csi_sxv20r,CSV_data/quality/carsales_apify_listings.csv,2026-06-23T02:08:51.752Z,SSE-AD-20408375,https://www.carsales.com.au/cars/details/1998-toyota-camry-csi-auto/SSE-AD-20408375/,1998 Toyota Camry CSi Auto,Toyota,Camry,1998,CSi,SXV20R,2000,250000.0,Sedan,Automatic,Petrol - Unleaded Ulp,"4 cylinders, Petrol Aspirated, 2.2L",Private
toyota_camry_csi_sxv20r,CSV_data/quality/carsales_apify_listings.csv,2026-06-23T02:09:35.829Z,SSE-AD-20523808,https://www.carsales.com.au/cars/details/2000-toyota-camry-csi-auto/SSE-AD-20523808/,2000 Toyota Camry CSi Auto,Toyota,Camry,2000,CSi,SXV20R,3500,229000.0,Sedan,Automatic,Petrol - Unleaded Ulp,"4 cylinders, Petrol Aspirated, 2.2L",Private
toyota_camry_csi_sxv20r,CSV_data/quality/carsales_apify_listings.csv,2026-06-23T02:08:55.272Z,SSE-AD-19540313,https://www.carsales.com.au/cars/details/2000-toyota-camry-csi-auto/SSE-AD-19540313/,2000 Toyota Camry CSi Auto,Toyota,Camry,2000,CSi,SXV20R,3000,370692.0,Sedan,Automatic,Petrol - Unleaded Ulp,"4 cylinders, Petrol Aspirated, 2.2L",Private
toyota_camry_csi_sxv20r,CSV_data/quality/carsales_apify_listings.csv,2026-06-23T02:10:48.576Z,SSE-AD-20576429,https://www.carsales.com.au/cars/details/2001-toyota-camry-csi-auto/SSE-AD-20576429/,2001 Toyota Camry CSi Auto,Toyota,Camry,2001,CSi,SXV20R,7500,54564.0,Sedan,Automatic,Petrol - Unleaded Ulp,"4 cylinders, Petrol Aspirated, 2.2L",Private
toyota_camry_csi_sxv20r,CSV_data/quality/carsales_apify_listings.csv,2026-06-23T02:10:09.166Z,SSE-AD-15955301,https://www.carsales.com.au/cars/details/2001-toyota-camry-csi-auto/SSE-AD-15955301/,2001 Toyota Camry CSi Auto,Toyota,Camry,2001,CSi,SXV20R,3850,260000.0,Sedan,Automatic,Petrol - Unleaded Ulp,"4 cylinders, Petrol Aspirated, 2.2L",Private
toyota_camry_csi_sxv20r,CSV_data/quality/carsales_apify_listings.csv,2026-06-23T02:09:18.867Z,SSE-AD-20449041,https://www.carsales.com.au/cars/details/2002-toyota-camry-csi-auto/SSE-AD-20449041/,2002 Toyota Camry CSi Auto,Toyota,Camry,2002,CSi,SXV20R,3500,199069.0,Sedan,Automatic,Petrol - Unleaded Ulp,"4 cylinders, Petrol Aspirated, 2.2L",Private
toyota_camry_sportivo_acv40r,CSV_data/quality/carsales_apify_listings.csv,2026-06-23T02:11:32.450Z,SSE-AD-20047253,https://www.carsales.com.au/cars/details/2007-toyota-camry-sportivo-auto/SSE-AD-20047253/,2007 Toyota Camry Sportivo Auto,Toyota,Camry,2007,Sportivo,ACV40R,10500,108000.0,Sedan,Automatic,Petrol - Unleaded Ulp,"4 cylinders, Petrol Aspirated, 2.4L",Private
toyota_camry_sportivo_acv40r,CSV_data/quality/carsales_apify_listings.csv,2026-06-23T02:10:26.069Z,SSE-AD-20427887,https://www.carsales.com.au/cars/details/2007-toyota-camry-sportivo-auto/SSE-AD-20427887/,2007 Toyota Camry Sportivo Auto,Toyota,Camry,2007,Sportivo,ACV40R,7500,208538.0,Sedan,Automatic,Petrol - Unleaded Ulp,"4 cylinders, Petrol Aspirated, 2.4L",Private
toyota_camry_sportivo_acv40r,CSV_data/quality/carsales_apify_listings.csv,2026-06-23T02:11:17.190Z,SSE-AD-16550908,https://www.carsales.com.au/cars/details/2007-toyota-camry-sportivo-auto/SSE-AD-16550908/,2007 Toyota Camry Sportivo Auto,Toyota,Camry,2007,Sportivo,ACV40R,7499,269000.0,Sedan,Automatic,Petrol - Unleaded Ulp,"4 cylinders, Petrol Aspirated, 2.4L",Private
toyota_camry_sportivo_acv40r,CSV_data/quality/carsales_apify_listings.csv,2026-06-23T02:11:12.628Z,SSE-AD-16034945,https://www.carsales.com.au/cars/details/2007-toyota-camry-sportivo-auto/SSE-AD-16034945/,2007 Toyota Camry Sportivo Auto,Toyota,Camry,2007,Sportivo,ACV40R,7200,291632.0,Sedan,Automatic,Petrol - Unleaded Ulp,"4 cylinders, Petrol Aspirated, 2.4L",Private
toyota_camry_sportivo_acv40r,CSV_data/quality/carsales_apify_listings.csv,2026-06-23T02:10:24.732Z,SSE-AD-20521064,https://www.carsales.com.au/cars/details/2008-toyota-camry-sportivo-auto/SSE-AD-20521064/,2008 Toyota Camry Sportivo Auto,Toyota,Camry,2008,Sportivo,ACV40R,9000,166093.0,Sedan,Automatic,Petrol - Unleaded Ulp,"4 cylinders, Petrol Aspirated, 2.4L",Private
toyota_camry_sportivo_acv40r,CSV_data/quality/carsales_apify_listings.csv,2026-06-23T02:09:22.734Z,SSE-AD-20318678,https://www.carsales.com.au/cars/details/2009-toyota-camry-sportivo-auto/SSE-AD-20318678/,2009 Toyota Camry Sportivo Auto,Toyota,Camry,2009,Sportivo,ACV40R,6000,231500.0,Sedan,Automatic,Petrol - Unleaded Ulp,"4 cylinders, Petrol Aspirated, 2.4L",Private
