canonical_tag,anchor_year,km_bucket,price_low,price_mid,price_high
ford_territory_sz_suv_auto_diesel,2011,30000,12500,14500,16500
ford_territory_sz_suv_auto_diesel,2011,60000,11500,13500,15500
ford_territory_sz_suv_auto_diesel,2011,100000,10000,12000,14000
ford_territory_sz_suv_auto_diesel,2011,150000,8500,10500,12500
ford_territory_sz_suv_auto_diesel,2011,200000,6500,8500,10500
ford_territory_sz_suv_auto_diesel,2011,225000,5500,7500,9500
ford_territory_sz_suv_auto_diesel,2011,300000,2500,4500,6500
ford_territory_sz_suv_auto_diesel,2013,30000,13500,15500,17500
ford_territory_sz_suv_auto_diesel,2013,60000,12500,14500,16500
ford_territory_sz_suv_auto_diesel,2013,100000,11000,13000,15000
ford_territory_sz_suv_auto_diesel,2013,150000,9500,11500,13500
ford_territory_sz_suv_auto_diesel,2013,200000,7000,9000,11000
ford_territory_sz_suv_auto_diesel,2013,225000,6000,8000,10000
ford_territory_sz_suv_auto_diesel,2013,300000,3000,5000,7000
ford_territory_sz_suv_auto_diesel,2016,30000,17000,19000,21000
ford_territory_sz_suv_auto_diesel,2016,60000,15500,17500,19500
ford_territory_sz_suv_auto_diesel,2016,100000,14000,16000,18000
ford_territory_sz_suv_auto_diesel,2016,150000,12000,14000,16000
ford_territory_sz_suv_auto_diesel,2016,200000,10000,12000,14000
ford_territory_sz_suv_auto_diesel,2016,225000,9000,11000,13000
ford_territory_sz_suv_auto_diesel,2016,300000,6000,8000,10000
ford_territory_titanium_sz_suv_auto_diesel,2011,30000,10300,11300,12300
ford_territory_titanium_sz_suv_auto_diesel,2011,60000,9800,10800,11800
ford_territory_titanium_sz_suv_auto_diesel,2011,100000,9100,10100,11100
ford_territory_titanium_sz_suv_auto_diesel,2011,150000,8400,9400,10400
ford_territory_titanium_sz_suv_auto_diesel,2011,200000,7700,8700,9700
ford_territory_titanium_sz_suv_auto_diesel,2013,30000,11800,12800,13800
ford_territory_titanium_sz_suv_auto_diesel,2013,60000,11200,12200,13200
ford_territory_titanium_sz_suv_auto_diesel,2013,100000,10500,11500,12500
ford_territory_titanium_sz_suv_auto_diesel,2013,150000,9600,10600,11600
ford_territory_titanium_sz_suv_auto_diesel,2013,200000,8800,9800,10800
ford_territory_titanium_sz_suv_auto_diesel,2014,30000,12700,13700,14700
ford_territory_titanium_sz_suv_auto_diesel,2014,60000,12100,13100,14100
ford_territory_titanium_sz_suv_auto_diesel,2014,100000,11300,12300,13300
ford_territory_titanium_sz_suv_auto_diesel,2014,150000,10300,11300,12300
ford_territory_titanium_sz_suv_auto_diesel,2014,200000,9500,10500,11500
holden_commodore_evoke_vf_sedan_auto_petrol,2013,30000,16000,17500,19000
holden_commodore_evoke_vf_sedan_auto_petrol,2013,60000,15000,16500,18000
holden_commodore_evoke_vf_sedan_auto_petrol,2013,100000,13500,15000,16500
holden_commodore_evoke_vf_sedan_auto_petrol,2013,150000,12000,13500,15000
holden_commodore_evoke_vf_sedan_auto_petrol,2013,200000,9500,11000,12500
holden_commodore_evoke_vf_sedan_auto_petrol,2013,225000,8500,10000,11500
holden_commodore_evoke_vf_sedan_auto_petrol,2013,300000,6000,7500,9000
holden_commodore_evoke_vf_sedan_auto_petrol,2014,30000,16500,18000,19500
holden_commodore_evoke_vf_sedan_auto_petrol,2014,60000,15500,17000,18500
holden_commodore_evoke_vf_sedan_auto_petrol,2014,100000,14000,15500,17000
holden_commodore_evoke_vf_sedan_auto_petrol,2014,150000,12500,14000,15500
holden_commodore_evoke_vf_sedan_auto_petrol,2014,200000,10000,11500,13000
holden_commodore_evoke_vf_sedan_auto_petrol,2014,225000,9000,10500,12000
holden_commodore_evoke_vf_sedan_auto_petrol,2014,300000,6500,8000,9500
holden_commodore_evoke_vf_sedan_auto_petrol,2015,30000,17500,19000,20500
holden_commodore_evoke_vf_sedan_auto_petrol,2015,60000,16500,18000,19500
holden_commodore_evoke_vf_sedan_auto_petrol,2015,100000,15000,16500,18000
holden_commodore_evoke_vf_sedan_auto_petrol,2015,150000,13000,14500,16000
holden_commodore_evoke_vf_sedan_auto_petrol,2015,200000,10500,12000,13500
holden_commodore_evoke_vf_sedan_auto_petrol,2015,225000,9500,11000,12500
holden_commodore_evoke_vf_sedan_auto_petrol,2015,300000,7000,8500,10000
holden_commodore_evoke_vf_wagon_auto_petrol,2013,30000,15500,17000,18500
holden_commodore_evoke_vf_wagon_auto_petrol,2013,60000,14500,16000,17500
holden_commodore_evoke_vf_wagon_auto_petrol,2013,100000,12500,14000,15500
holden_commodore_evoke_vf_wagon_auto_petrol,2013,150000,10500,12000,13500
holden_commodore_evoke_vf_wagon_auto_petrol,2013,200000,8500,10000,11500
holden_commodore_evoke_vf_wagon_auto_petrol,2013,225000,7500,9000,10500
holden_commodore_evoke_vf_wagon_auto_petrol,2013,300000,5000,6500,8000
holden_commodore_evoke_vf_wagon_auto_petrol,2014,30000,16000,17500,19000
holden_commodore_evoke_vf_wagon_auto_petrol,2014,60000,15000,16500,18000
holden_commodore_evoke_vf_wagon_auto_petrol,2014,100000,13000,14500,16000
holden_commodore_evoke_vf_wagon_auto_petrol,2014,150000,11000,12500,14000
holden_commodore_evoke_vf_wagon_auto_petrol,2014,200000,9000,10500,12000
holden_commodore_evoke_vf_wagon_auto_petrol,2014,225000,8000,9500,11000
holden_commodore_evoke_vf_wagon_auto_petrol,2014,300000,5500,7000,8500
holden_commodore_evoke_vf_wagon_auto_petrol,2015,30000,17000,18500,20000
holden_commodore_evoke_vf_wagon_auto_petrol,2015,60000,16000,17500,19000
holden_commodore_evoke_vf_wagon_auto_petrol,2015,100000,14000,15500,17000
holden_commodore_evoke_vf_wagon_auto_petrol,2015,150000,12000,13500,15000
holden_commodore_evoke_vf_wagon_auto_petrol,2015,200000,9500,11000,12500
holden_commodore_evoke_vf_wagon_auto_petrol,2015,225000,8500,10000,11500
holden_commodore_evoke_vf_wagon_auto_petrol,2015,300000,6000,7500,9000
holden_commodore_omega_ve-series-ii_sedan_auto_petrol,2011,30000,8000,9000,10000
holden_commodore_omega_ve-series-ii_sedan_auto_petrol,2011,60000,7500,8500,9500
holden_commodore_omega_ve-series-ii_sedan_auto_petrol,2011,100000,6800,7800,8800
holden_commodore_omega_ve-series-ii_sedan_auto_petrol,2011,150000,6000,7000,8000
holden_commodore_omega_ve-series-ii_sedan_auto_petrol,2011,200000,5200,6200,7200
holden_commodore_omega_ve-series-ii_sedan_auto_petrol,2011,225000,4600,5600,6600
holden_commodore_omega_ve-series-ii_sedan_auto_petrol,2011,300000,3000,4000,5000
holden_commodore_omega_ve-series-ii_sedan_auto_petrol,2012,30000,8500,9500,10500
holden_commodore_omega_ve-series-ii_sedan_auto_petrol,2012,60000,8000,9000,10000
holden_commodore_omega_ve-series-ii_sedan_auto_petrol,2012,100000,7200,8200,9200
holden_commodore_omega_ve-series-ii_sedan_auto_petrol,2012,150000,6200,7200,8200
holden_commodore_omega_ve-series-ii_sedan_auto_petrol,2012,200000,5300,6300,7300
holden_commodore_omega_ve-series-ii_sedan_auto_petrol,2012,225000,4700,5700,6700
holden_commodore_omega_ve-series-ii_sedan_auto_petrol,2012,300000,3200,4200,5200
holden_commodore_omega_ve-series-ii_sedan_auto_petrol,2013,30000,9000,10000,11000
holden_commodore_omega_ve-series-ii_sedan_auto_petrol,2013,60000,8500,9500,10500
holden_commodore_omega_ve-series-ii_sedan_auto_petrol,2013,100000,7500,8500,9500
holden_commodore_omega_ve-series-ii_sedan_auto_petrol,2013,150000,6600,7600,8600
holden_commodore_omega_ve-series-ii_sedan_auto_petrol,2013,200000,5500,6500,7500
holden_commodore_omega_ve-series-ii_sedan_auto_petrol,2013,225000,4900,5900,6900
holden_commodore_omega_ve-series-ii_sedan_auto_petrol,2013,300000,3400,4400,5400
holden_commodore_omega_ve-series-ii_wagon_auto_petrol,2010,30000,8500,9500,10500
holden_commodore_omega_ve-series-ii_wagon_auto_petrol,2010,60000,8000,9000,10000
holden_commodore_omega_ve-series-ii_wagon_auto_petrol,2010,100000,7200,8200,9200
holden_commodore_omega_ve-series-ii_wagon_auto_petrol,2010,150000,6200,7200,8200
holden_commodore_omega_ve-series-ii_wagon_auto_petrol,2010,200000,5200,6200,7200
holden_commodore_omega_ve-series-ii_wagon_auto_petrol,2010,225000,4800,5800,6800
holden_commodore_omega_ve-series-ii_wagon_auto_petrol,2010,300000,3500,4500,5500
holden_commodore_omega_ve-series-ii_wagon_auto_petrol,2011,30000,9000,10000,11000
holden_commodore_omega_ve-series-ii_wagon_auto_petrol,2011,60000,8500,9500,10500
holden_commodore_omega_ve-series-ii_wagon_auto_petrol,2011,100000,7500,8500,9500
holden_commodore_omega_ve-series-ii_wagon_auto_petrol,2011,150000,6500,7500,8500
holden_commodore_omega_ve-series-ii_wagon_auto_petrol,2011,200000,5500,6500,7500
holden_commodore_omega_ve-series-ii_wagon_auto_petrol,2011,225000,5100,6100,7100
holden_commodore_omega_ve-series-ii_wagon_auto_petrol,2011,300000,3700,4700,5700
holden_commodore_omega_ve-series-ii_wagon_auto_petrol,2012,30000,9500,10500,11500
holden_commodore_omega_ve-series-ii_wagon_auto_petrol,2012,60000,9000,10000,11000
holden_commodore_omega_ve-series-ii_wagon_auto_petrol,2012,100000,8000,9000,10000
holden_commodore_omega_ve-series-ii_wagon_auto_petrol,2012,150000,6600,7600,8600
holden_commodore_omega_ve-series-ii_wagon_auto_petrol,2012,200000,5700,6700,7700
holden_commodore_omega_ve-series-ii_wagon_auto_petrol,2012,225000,5300,6300,7300
holden_commodore_omega_ve-series-ii_wagon_auto_petrol,2012,300000,3800,4800,5800
holden_commodore_omega_ve-series-ii_wagon_auto_petrol,2013,30000,10500,11500,12500
holden_commodore_omega_ve-series-ii_wagon_auto_petrol,2013,60000,10000,11000,12000
holden_commodore_omega_ve-series-ii_wagon_auto_petrol,2013,100000,9000,10000,11000
holden_commodore_omega_ve-series-ii_wagon_auto_petrol,2013,150000,8000,9000,10000
holden_commodore_omega_ve-series-ii_wagon_auto_petrol,2013,200000,7000,8000,9000
holden_commodore_omega_ve-series-ii_wagon_auto_petrol,2013,225000,6200,7200,8200
holden_commodore_omega_ve-series-ii_wagon_auto_petrol,2013,300000,4500,5500,6500
holden_commodore_omega_ve_sedan_auto_petrol,2007,30000,5500,6500,7500
holden_commodore_omega_ve_sedan_auto_petrol,2007,60000,5000,6000,7000
holden_commodore_omega_ve_sedan_auto_petrol,2007,100000,4200,5200,6200
holden_commodore_omega_ve_sedan_auto_petrol,2007,150000,3500,4500,5500
holden_commodore_omega_ve_sedan_auto_petrol,2007,200000,2800,3800,4800
holden_commodore_omega_ve_sedan_auto_petrol,2007,225000,2400,3400,4400
holden_commodore_omega_ve_sedan_auto_petrol,2007,300000,1500,2500,3500
holden_commodore_omega_ve_sedan_auto_petrol,2009,30000,7500,8500,9500
holden_commodore_omega_ve_sedan_auto_petrol,2009,60000,7000,8000,9000
holden_commodore_omega_ve_sedan_auto_petrol,2009,100000,6000,7000,8000
holden_commodore_omega_ve_sedan_auto_petrol,2009,150000,5200,6200,7200
holden_commodore_omega_ve_sedan_auto_petrol,2009,200000,4500,5500,6500
holden_commodore_omega_ve_sedan_auto_petrol,2009,225000,4000,5000,6000
holden_commodore_omega_ve_sedan_auto_petrol,2009,300000,3000,4000,5000
holden_commodore_omega_ve_sedan_auto_petrol,2010,30000,9500,10500,11500
holden_commodore_omega_ve_sedan_auto_petrol,2010,60000,9000,10000,11000
holden_commodore_omega_ve_sedan_auto_petrol,2010,100000,8000,9000,10000
holden_commodore_omega_ve_sedan_auto_petrol,2010,150000,7500,8500,9500
holden_commodore_omega_ve_sedan_auto_petrol,2010,200000,6000,7000,8000
holden_commodore_omega_ve_sedan_auto_petrol,2010,225000,5200,6200,7200
holden_commodore_omega_ve_sedan_auto_petrol,2010,300000,4400,5400,6400
holden_commodore_omega_ve_wagon_auto_petrol,2008,30000,6500,7500,8500
holden_commodore_omega_ve_wagon_auto_petrol,2008,60000,6000,7000,8000
holden_commodore_omega_ve_wagon_auto_petrol,2008,100000,5500,6500,7500
holden_commodore_omega_ve_wagon_auto_petrol,2008,150000,5000,6000,7000
holden_commodore_omega_ve_wagon_auto_petrol,2008,200000,4500,5500,6500
holden_commodore_omega_ve_wagon_auto_petrol,2008,225000,4000,5000,6000
holden_commodore_omega_ve_wagon_auto_petrol,2008,300000,2500,3500,4500
holden_commodore_omega_ve_wagon_auto_petrol,2009,30000,7000,8000,9000
holden_commodore_omega_ve_wagon_auto_petrol,2009,60000,6500,7500,8500
holden_commodore_omega_ve_wagon_auto_petrol,2009,100000,6000,7000,8000
holden_commodore_omega_ve_wagon_auto_petrol,2009,150000,5300,6300,7300
holden_commodore_omega_ve_wagon_auto_petrol,2009,200000,4800,5800,6800
holden_commodore_omega_ve_wagon_auto_petrol,2009,225000,4300,5300,6300
holden_commodore_omega_ve_wagon_auto_petrol,2009,300000,3000,4000,5000
holden_commodore_omega_ve_wagon_auto_petrol,2010,30000,7500,8500,9500
holden_commodore_omega_ve_wagon_auto_petrol,2010,60000,7000,8000,9000
holden_commodore_omega_ve_wagon_auto_petrol,2010,100000,6500,7500,8500
holden_commodore_omega_ve_wagon_auto_petrol,2010,150000,5800,6800,7800
holden_commodore_omega_ve_wagon_auto_petrol,2010,200000,5200,6200,7200
holden_commodore_omega_ve_wagon_auto_petrol,2010,225000,4700,5700,6700
holden_commodore_omega_ve_wagon_auto_petrol,2010,300000,3500,4500,5500
holden_commodore_sv6_ve_sedan_auto_petrol,2007,30000,8500,9500,10500
holden_commodore_sv6_ve_sedan_auto_petrol,2007,60000,8000,9000,10000
holden_commodore_sv6_ve_sedan_auto_petrol,2007,100000,7500,8500,9500
holden_commodore_sv6_ve_sedan_auto_petrol,2007,150000,6800,7800,8800
holden_commodore_sv6_ve_sedan_auto_petrol,2007,200000,6000,7000,8000
holden_commodore_sv6_ve_sedan_auto_petrol,2007,225000,5500,6500,7500
holden_commodore_sv6_ve_sedan_auto_petrol,2007,300000,4000,5000,6000
holden_commodore_sv6_ve_sedan_auto_petrol,2008,30000,9000,10000,11000
holden_commodore_sv6_ve_sedan_auto_petrol,2008,60000,8500,9500,10500
holden_commodore_sv6_ve_sedan_auto_petrol,2008,100000,8000,9000,10000
holden_commodore_sv6_ve_sedan_auto_petrol,2008,150000,7200,8200,9200
holden_commodore_sv6_ve_sedan_auto_petrol,2008,200000,6200,7200,8200
holden_commodore_sv6_ve_sedan_auto_petrol,2008,225000,5700,6700,7700
holden_commodore_sv6_ve_sedan_auto_petrol,2008,300000,4200,5200,6200
holden_commodore_sv6_ve_sedan_auto_petrol,2009,30000,9500,10500,11500
holden_commodore_sv6_ve_sedan_auto_petrol,2009,60000,9000,10000,11000
holden_commodore_sv6_ve_sedan_auto_petrol,2009,100000,8200,9200,10200
holden_commodore_sv6_ve_sedan_auto_petrol,2009,150000,7500,8500,9500
holden_commodore_sv6_ve_sedan_auto_petrol,2009,200000,6500,7500,8500
holden_commodore_sv6_ve_sedan_auto_petrol,2009,225000,6000,7000,8000
holden_commodore_sv6_ve_sedan_auto_petrol,2009,300000,4500,5500,6500
holden_commodore_sv6_ve_wagon_auto_petrol,2008,30000,7500,8500,9500
holden_commodore_sv6_ve_wagon_auto_petrol,2008,60000,7000,8000,9000
holden_commodore_sv6_ve_wagon_auto_petrol,2008,100000,6200,7200,8200
holden_commodore_sv6_ve_wagon_auto_petrol,2008,150000,5500,6500,7500
holden_commodore_sv6_ve_wagon_auto_petrol,2008,200000,4700,5700,6700
holden_commodore_sv6_ve_wagon_auto_petrol,2008,225000,4200,5200,6200
holden_commodore_sv6_ve_wagon_auto_petrol,2008,300000,3200,4200,5200
holden_commodore_sv6_ve_wagon_auto_petrol,2009,30000,8000,9000,10000
holden_commodore_sv6_ve_wagon_auto_petrol,2009,60000,7500,8500,9500
holden_commodore_sv6_ve_wagon_auto_petrol,2009,100000,6600,7600,8600
holden_commodore_sv6_ve_wagon_auto_petrol,2009,150000,5900,6900,7900
holden_commodore_sv6_ve_wagon_auto_petrol,2009,200000,5000,6000,7000
holden_commodore_sv6_ve_wagon_auto_petrol,2009,225000,4500,5500,6500
holden_commodore_sv6_ve_wagon_auto_petrol,2009,300000,3500,4500,5500
holden_commodore_sv6_ve_wagon_auto_petrol,2010,30000,8500,9500,10500
holden_commodore_sv6_ve_wagon_auto_petrol,2010,60000,8000,9000,10000
holden_commodore_sv6_ve_wagon_auto_petrol,2010,100000,7200,8200,9200
holden_commodore_sv6_ve_wagon_auto_petrol,2010,150000,6400,7400,8400
holden_commodore_sv6_ve_wagon_auto_petrol,2010,200000,5500,6500,7500
holden_commodore_sv6_ve_wagon_auto_petrol,2010,225000,5000,6000,7000
holden_commodore_sv6_ve_wagon_auto_petrol,2010,300000,4000,5000,6000
holden_commodore_sv6_vf_sedan_auto_petrol,2013,30000,23000,25500,28000
holden_commodore_sv6_vf_sedan_auto_petrol,2013,60000,21500,24000,26500
holden_commodore_sv6_vf_sedan_auto_petrol,2013,100000,19000,21500,24000
holden_commodore_sv6_vf_sedan_auto_petrol,2013,150000,16000,18000,20000
holden_commodore_sv6_vf_sedan_auto_petrol,2013,200000,12500,14500,16500
holden_commodore_sv6_vf_sedan_auto_petrol,2013,225000,11500,13000,15000
holden_commodore_sv6_vf_sedan_auto_petrol,2013,300000,8000,9500,11000
holden_commodore_sv6_vf_sedan_auto_petrol,2014,30000,24000,26500,29000
holden_commodore_sv6_vf_sedan_auto_petrol,2014,60000,22500,25000,27500
holden_commodore_sv6_vf_sedan_auto_petrol,2014,100000,20000,22500,25000
holden_commodore_sv6_vf_sedan_auto_petrol,2014,150000,17000,19000,21000
holden_commodore_sv6_vf_sedan_auto_petrol,2014,200000,13500,15500,17500
holden_commodore_sv6_vf_sedan_auto_petrol,2014,225000,12500,14000,16000
holden_commodore_sv6_vf_sedan_auto_petrol,2014,300000,9000,10500,12000
holden_commodore_sv6_vf_sedan_auto_petrol,2015,30000,25500,28000,30500
holden_commodore_sv6_vf_sedan_auto_petrol,2015,60000,24000,26500,29000
holden_commodore_sv6_vf_sedan_auto_petrol,2015,100000,21500,24000,26500
holden_commodore_sv6_vf_sedan_auto_petrol,2015,150000,18500,20500,22500
holden_commodore_sv6_vf_sedan_auto_petrol,2015,200000,14500,16500,18500
holden_commodore_sv6_vf_sedan_auto_petrol,2015,225000,13500,15000,17000
holden_commodore_sv6_vf_sedan_auto_petrol,2015,300000,10000,11500,13000
holden_commodore_sv6_vf_wagon_auto_petrol,2013,30000,22500,25000,27500
holden_commodore_sv6_vf_wagon_auto_petrol,2013,60000,21000,23500,26000
holden_commodore_sv6_vf_wagon_auto_petrol,2013,100000,19000,21500,24000
holden_commodore_sv6_vf_wagon_auto_petrol,2013,150000,16000,18000,20000
holden_commodore_sv6_vf_wagon_auto_petrol,2013,200000,13500,15500,17500
holden_commodore_sv6_vf_wagon_auto_petrol,2013,225000,12000,14000,16000
holden_commodore_sv6_vf_wagon_auto_petrol,2013,300000,8500,10000,11500
holden_commodore_sv6_vf_wagon_auto_petrol,2014,30000,23500,26000,28500
holden_commodore_sv6_vf_wagon_auto_petrol,2014,60000,22000,24500,27000
holden_commodore_sv6_vf_wagon_auto_petrol,2014,100000,20000,22500,25000
holden_commodore_sv6_vf_wagon_auto_petrol,2014,150000,17000,19000,21000
holden_commodore_sv6_vf_wagon_auto_petrol,2014,200000,14500,16500,18500
holden_commodore_sv6_vf_wagon_auto_petrol,2014,225000,13000,15000,17000
holden_commodore_sv6_vf_wagon_auto_petrol,2014,300000,9500,11000,12500
holden_commodore_sv6_vf_wagon_auto_petrol,2015,30000,24500,27000,29500
holden_commodore_sv6_vf_wagon_auto_petrol,2015,60000,23000,25500,28000
holden_commodore_sv6_vf_wagon_auto_petrol,2015,100000,21000,23500,26000
holden_commodore_sv6_vf_wagon_auto_petrol,2015,150000,18000,20000,22000
holden_commodore_sv6_vf_wagon_auto_petrol,2015,200000,15500,17500,19500
holden_commodore_sv6_vf_wagon_auto_petrol,2015,225000,14000,16000,18000
holden_commodore_sv6_vf_wagon_auto_petrol,2015,300000,10500,12000,13500
hyundai_accent_active_rb_hatch_auto_petrol,2013,30000,12500,13500,14500
hyundai_accent_active_rb_hatch_auto_petrol,2013,60000,11500,12500,13500
hyundai_accent_active_rb_hatch_auto_petrol,2013,100000,10200,11200,12200
hyundai_accent_active_rb_hatch_auto_petrol,2013,150000,9000,10000,11000
hyundai_accent_active_rb_hatch_auto_petrol,2013,200000,7600,8600,9600
hyundai_accent_active_rb_hatch_auto_petrol,2013,225000,7000,8000,9000
hyundai_accent_active_rb_hatch_auto_petrol,2013,300000,5200,6200,7200
hyundai_accent_active_rb_hatch_auto_petrol,2015,30000,14000,15000,16000
hyundai_accent_active_rb_hatch_auto_petrol,2015,60000,13000,14000,15000
hyundai_accent_active_rb_hatch_auto_petrol,2015,100000,11500,12500,13500
hyundai_accent_active_rb_hatch_auto_petrol,2015,150000,10200,11200,12200
hyundai_accent_active_rb_hatch_auto_petrol,2015,200000,9000,10000,11000
hyundai_accent_active_rb_hatch_auto_petrol,2015,225000,8400,9400,10400
hyundai_accent_active_rb_hatch_auto_petrol,2015,300000,6600,7600,8600
hyundai_accent_active_rb_hatch_auto_petrol,2017,30000,15000,16000,17000
hyundai_accent_active_rb_hatch_auto_petrol,2017,60000,14000,15000,16000
hyundai_accent_active_rb_hatch_auto_petrol,2017,100000,12000,13000,14500
hyundai_accent_active_rb_hatch_auto_petrol,2017,150000,10500,11500,13000
hyundai_accent_active_rb_hatch_auto_petrol,2017,200000,9500,10500,12000
hyundai_accent_active_rb_hatch_auto_petrol,2017,225000,8900,9900,11400
hyundai_accent_active_rb_hatch_auto_petrol,2017,300000,7100,8100,9600
hyundai_accent_sport_rb_hatch_auto_petrol,2017,30000,13500,14500,15500
hyundai_accent_sport_rb_hatch_auto_petrol,2017,60000,12500,13500,14500
hyundai_accent_sport_rb_hatch_auto_petrol,2017,100000,11200,12200,13200
hyundai_accent_sport_rb_hatch_auto_petrol,2017,150000,9900,10900,11900
hyundai_accent_sport_rb_hatch_auto_petrol,2017,200000,8600,9600,10600
hyundai_accent_sport_rb_hatch_auto_petrol,2018,30000,14100,15100,16100
hyundai_accent_sport_rb_hatch_auto_petrol,2018,60000,13000,14000,15000
hyundai_accent_sport_rb_hatch_auto_petrol,2018,100000,11800,12800,13800
hyundai_accent_sport_rb_hatch_auto_petrol,2018,150000,10300,11300,12300
hyundai_accent_sport_rb_hatch_auto_petrol,2018,200000,9100,10100,11100
hyundai_accent_sport_rb_hatch_auto_petrol,2019,30000,14700,15700,16700
hyundai_accent_sport_rb_hatch_auto_petrol,2019,60000,13700,14700,15700
hyundai_accent_sport_rb_hatch_auto_petrol,2019,100000,12300,13300,14300
hyundai_accent_sport_rb_hatch_auto_petrol,2019,150000,10800,11800,12800
hyundai_accent_sport_rb_hatch_auto_petrol,2019,200000,9500,10500,11500
hyundai_getz_sx_tb_hatch_auto_petrol,2008,30000,6300,8300,10300
hyundai_getz_sx_tb_hatch_auto_petrol,2008,60000,5500,7500,9500
hyundai_getz_sx_tb_hatch_auto_petrol,2008,100000,4600,6600,8600
hyundai_getz_sx_tb_hatch_auto_petrol,2008,150000,3600,5600,7600
hyundai_getz_sx_tb_hatch_auto_petrol,2008,200000,2400,4400,6400
hyundai_getz_sx_tb_hatch_auto_petrol,2008,225000,1750,3750,5750
hyundai_getz_sx_tb_hatch_auto_petrol,2008,300000,0,1800,3800
hyundai_getz_sx_tb_hatch_auto_petrol,2010,30000,6800,8800,10800
hyundai_getz_sx_tb_hatch_auto_petrol,2010,60000,6000,8000,10000
hyundai_getz_sx_tb_hatch_auto_petrol,2010,100000,5100,7100,9100
hyundai_getz_sx_tb_hatch_auto_petrol,2010,150000,4000,6000,8000
hyundai_getz_sx_tb_hatch_auto_petrol,2010,200000,2700,4700,6700
hyundai_getz_sx_tb_hatch_auto_petrol,2010,225000,2050,4050,6050
hyundai_getz_sx_tb_hatch_auto_petrol,2010,300000,100,2100,4100
hyundai_getz_sx_tb_hatch_auto_petrol,2011,30000,7300,9300,11300
hyundai_getz_sx_tb_hatch_auto_petrol,2011,60000,6400,8400,10400
hyundai_getz_sx_tb_hatch_auto_petrol,2011,100000,5400,7400,9400
hyundai_getz_sx_tb_hatch_auto_petrol,2011,150000,4200,6200,8200
hyundai_getz_sx_tb_hatch_auto_petrol,2011,200000,2900,4900,6900
hyundai_getz_sx_tb_hatch_auto_petrol,2011,225000,2250,4250,6250
hyundai_getz_sx_tb_hatch_auto_petrol,2011,300000,300,2300,4300
hyundai_getz_sx_tb_hatch_manual_petrol,2007,30000,5300,7100,8900
hyundai_getz_sx_tb_hatch_manual_petrol,2007,60000,4500,6300,8100
hyundai_getz_sx_tb_hatch_manual_petrol,2007,100000,3700,5500,7300
hyundai_getz_sx_tb_hatch_manual_petrol,2007,150000,2800,4600,6400
hyundai_getz_sx_tb_hatch_manual_petrol,2007,200000,1900,3700,5500
hyundai_getz_sx_tb_hatch_manual_petrol,2007,225000,1450,3250,5050
hyundai_getz_sx_tb_hatch_manual_petrol,2007,300000,100,1900,3700
hyundai_getz_sx_tb_hatch_manual_petrol,2009,30000,5800,7600,9400
hyundai_getz_sx_tb_hatch_manual_petrol,2009,60000,5000,6800,8600
hyundai_getz_sx_tb_hatch_manual_petrol,2009,100000,4100,5900,7700
hyundai_getz_sx_tb_hatch_manual_petrol,2009,150000,3200,5000,6800
hyundai_getz_sx_tb_hatch_manual_petrol,2009,200000,2300,4100,5900
hyundai_getz_sx_tb_hatch_manual_petrol,2009,225000,1850,3650,5450
hyundai_getz_sx_tb_hatch_manual_petrol,2009,300000,500,2300,4100
hyundai_getz_sx_tb_hatch_manual_petrol,2011,30000,6200,8000,9800
hyundai_getz_sx_tb_hatch_manual_petrol,2011,60000,5300,7100,8900
hyundai_getz_sx_tb_hatch_manual_petrol,2011,100000,4400,6200,8000
hyundai_getz_sx_tb_hatch_manual_petrol,2011,150000,3500,5300,7100
hyundai_getz_sx_tb_hatch_manual_petrol,2011,200000,2600,4400,6200
hyundai_getz_sx_tb_hatch_manual_petrol,2011,225000,2150,3950,5750
hyundai_getz_sx_tb_hatch_manual_petrol,2011,300000,800,2600,4400
hyundai_i30_gd_hatch_auto_petrol,2012,30000,13800,14800,15800
hyundai_i30_gd_hatch_auto_petrol,2012,60000,12800,13800,14800
hyundai_i30_gd_hatch_auto_petrol,2012,100000,10500,11500,12500
hyundai_i30_gd_hatch_auto_petrol,2012,150000,9800,10800,11800
hyundai_i30_gd_hatch_auto_petrol,2012,200000,7800,8800,9800
hyundai_i30_gd_hatch_auto_petrol,2012,225000,6750,7750,8750
hyundai_i30_gd_hatch_auto_petrol,2012,300000,3600,4600,5600
hyundai_i30_gd_hatch_auto_petrol,2014,30000,13800,14800,15800
hyundai_i30_gd_hatch_auto_petrol,2014,60000,13000,14000,15000
hyundai_i30_gd_hatch_auto_petrol,2014,100000,11200,12200,13200
hyundai_i30_gd_hatch_auto_petrol,2014,150000,10600,11600,12600
hyundai_i30_gd_hatch_auto_petrol,2014,200000,8000,9000,10000
hyundai_i30_gd_hatch_auto_petrol,2014,225000,6950,7950,8950
hyundai_i30_gd_hatch_auto_petrol,2014,300000,3800,4800,5800
hyundai_i30_gd_hatch_auto_petrol,2016,30000,16100,17100,18100
hyundai_i30_gd_hatch_auto_petrol,2016,60000,14500,15500,16500
hyundai_i30_gd_hatch_auto_petrol,2016,100000,14000,15000,16000
hyundai_i30_gd_hatch_auto_petrol,2016,150000,11500,12500,13500
hyundai_i30_gd_hatch_auto_petrol,2016,200000,9400,10400,11400
hyundai_i30_gd_hatch_auto_petrol,2016,225000,8350,9350,10350
hyundai_i30_gd_hatch_auto_petrol,2016,300000,5200,6200,7200
hyundai_i30_pd_hatch_auto_petrol,2017,30000,19000,20000,21000
hyundai_i30_pd_hatch_auto_petrol,2017,60000,18000,19000,20000
hyundai_i30_pd_hatch_auto_petrol,2017,100000,16500,17500,18500
hyundai_i30_pd_hatch_auto_petrol,2017,150000,14500,15500,16500
hyundai_i30_pd_hatch_auto_petrol,2017,200000,13000,14000,15000
hyundai_i30_pd_hatch_auto_petrol,2017,225000,12250,13250,14250
hyundai_i30_pd_hatch_auto_petrol,2017,300000,10000,11000,12000
hyundai_i30_pd_hatch_auto_petrol,2019,30000,20000,21000,22000
hyundai_i30_pd_hatch_auto_petrol,2019,60000,19200,20200,21200
hyundai_i30_pd_hatch_auto_petrol,2019,100000,17500,18500,19500
hyundai_i30_pd_hatch_auto_petrol,2019,150000,16000,17000,18000
hyundai_i30_pd_hatch_auto_petrol,2019,200000,14500,15500,16500
hyundai_i30_pd_hatch_auto_petrol,2019,225000,13750,14750,15750
hyundai_i30_pd_hatch_auto_petrol,2019,300000,11500,12500,13500
hyundai_i30_pd_hatch_auto_petrol,2022,30000,24000,25000,26000
hyundai_i30_pd_hatch_auto_petrol,2022,60000,22500,23500,24500
hyundai_i30_pd_hatch_auto_petrol,2022,100000,20000,21000,22000
hyundai_i30_pd_hatch_auto_petrol,2022,150000,17500,18500,19500
hyundai_i30_pd_hatch_auto_petrol,2022,200000,15500,16500,17500
hyundai_i30_pd_hatch_auto_petrol,2022,225000,14750,15750,16750
hyundai_i30_pd_hatch_auto_petrol,2022,300000,12500,13500,14500
hyundai_iload_tq_van_auto_diesel,2012,30000,21500,22500,23500
hyundai_iload_tq_van_auto_diesel,2012,60000,20500,21500,22500
hyundai_iload_tq_van_auto_diesel,2012,100000,19000,20000,21000
hyundai_iload_tq_van_auto_diesel,2012,150000,17500,18500,20000
hyundai_iload_tq_van_auto_diesel,2012,200000,14000,15000,16500
hyundai_iload_tq_van_auto_diesel,2012,225000,12250,13250,14750
hyundai_iload_tq_van_auto_diesel,2012,300000,7000,8000,9500
hyundai_iload_tq_van_auto_diesel,2014,30000,22500,23500,24500
hyundai_iload_tq_van_auto_diesel,2014,60000,21500,22500,23500
hyundai_iload_tq_van_auto_diesel,2014,100000,21000,22000,23000
hyundai_iload_tq_van_auto_diesel,2014,150000,18000,19000,21000
hyundai_iload_tq_van_auto_diesel,2014,200000,17000,18000,20000
hyundai_iload_tq_van_auto_diesel,2014,225000,15250,16250,18250
hyundai_iload_tq_van_auto_diesel,2014,300000,10000,11000,13000
hyundai_iload_tq_van_auto_diesel,2016,30000,29000,30000,31500
hyundai_iload_tq_van_auto_diesel,2016,60000,27500,28500,30000
hyundai_iload_tq_van_auto_diesel,2016,100000,25000,26000,28000
hyundai_iload_tq_van_auto_diesel,2016,150000,22000,23500,25500
hyundai_iload_tq_van_auto_diesel,2016,200000,17000,18000,20000
hyundai_iload_tq_van_auto_diesel,2016,225000,15250,16250,18250
hyundai_iload_tq_van_auto_diesel,2016,300000,10000,11000,13000
hyundai_iload_tq_van_auto_diesel,2018,30000,30200,32200,34200
hyundai_iload_tq_van_auto_diesel,2018,60000,27700,29700,31700
hyundai_iload_tq_van_auto_diesel,2018,100000,25000,26700,28700
hyundai_iload_tq_van_auto_diesel,2018,150000,22000,23500,25500
hyundai_iload_tq_van_auto_diesel,2018,200000,18400,20400,22400
hyundai_iload_tq_van_auto_diesel,2018,225000,18000,19000,20000
hyundai_iload_tq_van_auto_diesel,2018,300000,14500,15500,16500
hyundai_iload_tq_van_auto_diesel,2020,30000,35900,37900,39900
hyundai_iload_tq_van_auto_diesel,2020,60000,33000,35000,37000
hyundai_iload_tq_van_auto_diesel,2020,100000,29400,31400,33400
hyundai_iload_tq_van_auto_diesel,2020,150000,25400,27400,29400
hyundai_iload_tq_van_auto_diesel,2020,200000,22000,24000,26000
hyundai_iload_tq_van_auto_diesel,2020,225000,20400,22400,24400
hyundai_iload_tq_van_auto_diesel,2020,300000,17300,18300,19300
hyundai_iload_tq_van_manual_diesel,2009,30000,13500,14500,15500
hyundai_iload_tq_van_manual_diesel,2009,60000,12900,13900,14900
hyundai_iload_tq_van_manual_diesel,2009,100000,12200,13200,14200
hyundai_iload_tq_van_manual_diesel,2009,150000,11300,12300,13300
hyundai_iload_tq_van_manual_diesel,2009,200000,10500,11500,12500
hyundai_iload_tq_van_manual_diesel,2012,30000,14600,15600,16600
hyundai_iload_tq_van_manual_diesel,2012,60000,14000,15000,16000
hyundai_iload_tq_van_manual_diesel,2012,100000,13200,14200,15200
hyundai_iload_tq_van_manual_diesel,2012,150000,12300,13300,14300
hyundai_iload_tq_van_manual_diesel,2012,200000,11400,12400,13400
hyundai_iload_tq_van_manual_diesel,2015,30000,15800,16800,17800
hyundai_iload_tq_van_manual_diesel,2015,60000,15100,16100,17100
hyundai_iload_tq_van_manual_diesel,2015,100000,14300,15300,16300
hyundai_iload_tq_van_manual_diesel,2015,150000,13300,14300,15300
hyundai_iload_tq_van_manual_diesel,2015,200000,12300,13300,14300
hyundai_ix35_elite_lm_wagon_auto_petrol,2010,30000,12200,14200,16200
hyundai_ix35_elite_lm_wagon_auto_petrol,2010,60000,11000,13000,15000
hyundai_ix35_elite_lm_wagon_auto_petrol,2010,100000,9600,11600,13600
hyundai_ix35_elite_lm_wagon_auto_petrol,2010,150000,7800,9800,11800
hyundai_ix35_elite_lm_wagon_auto_petrol,2010,200000,6200,8200,10200
hyundai_ix35_elite_lm_wagon_auto_petrol,2010,225000,5400,7400,9400
hyundai_ix35_elite_lm_wagon_auto_petrol,2010,300000,3000,5000,7000
hyundai_ix35_elite_lm_wagon_auto_petrol,2012,30000,13000,15000,17000
hyundai_ix35_elite_lm_wagon_auto_petrol,2012,60000,11800,13800,15800
hyundai_ix35_elite_lm_wagon_auto_petrol,2012,100000,10400,12400,14400
hyundai_ix35_elite_lm_wagon_auto_petrol,2012,150000,8600,10600,12600
hyundai_ix35_elite_lm_wagon_auto_petrol,2012,200000,7000,9000,11000
hyundai_ix35_elite_lm_wagon_auto_petrol,2012,225000,6200,8200,10200
hyundai_ix35_elite_lm_wagon_auto_petrol,2012,300000,3800,5800,7800
hyundai_ix35_elite_lm_wagon_auto_petrol,2014,30000,14200,16200,18200
hyundai_ix35_elite_lm_wagon_auto_petrol,2014,60000,13000,15000,17000
hyundai_ix35_elite_lm_wagon_auto_petrol,2014,100000,11600,13600,15600
hyundai_ix35_elite_lm_wagon_auto_petrol,2014,150000,9800,11800,13800
hyundai_ix35_elite_lm_wagon_auto_petrol,2014,200000,7800,9800,11800
hyundai_ix35_elite_lm_wagon_auto_petrol,2014,225000,7000,9000,11000
hyundai_ix35_elite_lm_wagon_auto_petrol,2014,300000,4600,6600,8600
hyundai_ix35_se_lm_wagon_auto_petrol,2013,30000,13600,15600,17600
hyundai_ix35_se_lm_wagon_auto_petrol,2013,60000,12500,14500,16500
hyundai_ix35_se_lm_wagon_auto_petrol,2013,100000,11300,13300,15300
hyundai_ix35_se_lm_wagon_auto_petrol,2013,150000,9900,11900,13900
hyundai_ix35_se_lm_wagon_auto_petrol,2013,200000,7900,9900,11900
hyundai_ix35_se_lm_wagon_auto_petrol,2013,225000,6850,8850,10850
hyundai_ix35_se_lm_wagon_auto_petrol,2013,300000,3700,5700,7700
hyundai_ix35_se_lm_wagon_auto_petrol,2014,30000,14400,16400,18400
hyundai_ix35_se_lm_wagon_auto_petrol,2014,60000,13200,15200,17200
hyundai_ix35_se_lm_wagon_auto_petrol,2014,100000,12000,14000,16000
hyundai_ix35_se_lm_wagon_auto_petrol,2014,150000,10600,12600,14600
hyundai_ix35_se_lm_wagon_auto_petrol,2014,200000,8500,10500,12500
hyundai_ix35_se_lm_wagon_auto_petrol,2014,225000,7450,9450,11450
hyundai_ix35_se_lm_wagon_auto_petrol,2014,300000,4300,6300,8300
hyundai_ix35_se_lm_wagon_auto_petrol,2015,30000,15200,17200,19200
hyundai_ix35_se_lm_wagon_auto_petrol,2015,60000,14000,16000,18000
hyundai_ix35_se_lm_wagon_auto_petrol,2015,100000,12800,14800,16800
hyundai_ix35_se_lm_wagon_auto_petrol,2015,150000,11300,13300,15300
hyundai_ix35_se_lm_wagon_auto_petrol,2015,200000,9100,11100,13100
hyundai_ix35_se_lm_wagon_auto_petrol,2015,225000,8050,10050,12050
hyundai_ix35_se_lm_wagon_auto_petrol,2015,300000,4900,6900,8900
mazda_3_bl_hatch_auto_petrol,2009,30000,10800,12000,13200
mazda_3_bl_hatch_auto_petrol,2009,60000,9900,11000,12100
mazda_3_bl_hatch_auto_petrol,2009,100000,8800,9800,10800
mazda_3_bl_hatch_auto_petrol,2009,150000,7600,8400,9200
mazda_3_bl_hatch_auto_petrol,2009,200000,6700,7400,8100
mazda_3_bl_hatch_auto_petrol,2009,225000,6050,6700,7350
mazda_3_bl_hatch_auto_petrol,2009,300000,4100,4600,5100
mazda_3_bl_hatch_auto_petrol,2011,30000,11900,13200,14500
mazda_3_bl_hatch_auto_petrol,2011,60000,10900,12100,13300
mazda_3_bl_hatch_auto_petrol,2011,100000,9800,10900,12000
mazda_3_bl_hatch_auto_petrol,2011,150000,8300,9200,10100
mazda_3_bl_hatch_auto_petrol,2011,200000,7000,7800,8600
mazda_3_bl_hatch_auto_petrol,2011,225000,6350,7100,7850
mazda_3_bl_hatch_auto_petrol,2011,300000,4400,5000,5600
mazda_3_bl_hatch_auto_petrol,2013,30000,13100,14500,16000
mazda_3_bl_hatch_auto_petrol,2013,60000,11900,13200,14500
mazda_3_bl_hatch_auto_petrol,2013,100000,10800,12000,13200
mazda_3_bl_hatch_auto_petrol,2013,150000,9400,10400,11400
mazda_3_bl_hatch_auto_petrol,2013,200000,7900,8800,9700
mazda_3_bl_hatch_auto_petrol,2013,225000,7250,8100,8950
mazda_3_bl_hatch_auto_petrol,2013,300000,5300,6000,6700
mazda_cx5_akera_ke_wagon_auto_diesel,2013,30000,13600,14600,15600
mazda_cx5_akera_ke_wagon_auto_diesel,2013,60000,12900,13900,14900
mazda_cx5_akera_ke_wagon_auto_diesel,2013,100000,12100,13100,14100
mazda_cx5_akera_ke_wagon_auto_diesel,2013,150000,11100,12100,13100
mazda_cx5_akera_ke_wagon_auto_diesel,2013,200000,10100,11100,12100
mazda_cx5_akera_ke_wagon_auto_diesel,2014,30000,13600,14600,15600
mazda_cx5_akera_ke_wagon_auto_diesel,2014,60000,12900,13900,14900
mazda_cx5_akera_ke_wagon_auto_diesel,2014,100000,12100,13100,14100
mazda_cx5_akera_ke_wagon_auto_diesel,2014,150000,11100,12100,13100
mazda_cx5_akera_ke_wagon_auto_diesel,2014,200000,10100,11100,12100
mazda_cx5_grand-touring_ke_wagon_auto_diesel,2012,30000,12700,13700,14700
mazda_cx5_grand-touring_ke_wagon_auto_diesel,2012,60000,12100,13100,14100
mazda_cx5_grand-touring_ke_wagon_auto_diesel,2012,100000,11300,12300,13300
mazda_cx5_grand-touring_ke_wagon_auto_diesel,2012,150000,10400,11400,12400
mazda_cx5_grand-touring_ke_wagon_auto_diesel,2012,200000,9600,10600,11600
mazda_cx5_grand-touring_ke_wagon_auto_diesel,2014,30000,13800,14800,15800
mazda_cx5_grand-touring_ke_wagon_auto_diesel,2014,60000,13200,14200,15200
mazda_cx5_grand-touring_ke_wagon_auto_diesel,2014,100000,12300,13300,14300
mazda_cx5_grand-touring_ke_wagon_auto_diesel,2014,150000,11300,12300,13300
mazda_cx5_grand-touring_ke_wagon_auto_diesel,2014,200000,10400,11400,12400
mazda_cx5_grand-touring_ke_wagon_auto_diesel,2016,30000,15000,16000,17000
mazda_cx5_grand-touring_ke_wagon_auto_diesel,2016,60000,14300,15300,16300
mazda_cx5_grand-touring_ke_wagon_auto_diesel,2016,100000,13400,14400,15400
mazda_cx5_grand-touring_ke_wagon_auto_diesel,2016,150000,12300,13300,14300
mazda_cx5_grand-touring_ke_wagon_auto_diesel,2016,200000,11300,12300,13300
mazda_cx5_maxx-sport_ke_wagon_auto_diesel,2012,30000,13200,15200,17200
mazda_cx5_maxx-sport_ke_wagon_auto_diesel,2012,60000,12100,14100,16100
mazda_cx5_maxx-sport_ke_wagon_auto_diesel,2012,100000,10900,12900,14900
mazda_cx5_maxx-sport_ke_wagon_auto_diesel,2012,150000,9300,11300,13300
mazda_cx5_maxx-sport_ke_wagon_auto_diesel,2012,200000,8000,10000,12000
mazda_cx5_maxx-sport_ke_wagon_auto_diesel,2012,225000,7050,9050,11050
mazda_cx5_maxx-sport_ke_wagon_auto_diesel,2012,300000,4200,6200,8200
mazda_cx5_maxx-sport_ke_wagon_auto_diesel,2014,30000,15400,17400,19400
mazda_cx5_maxx-sport_ke_wagon_auto_diesel,2014,60000,14200,16200,18200
mazda_cx5_maxx-sport_ke_wagon_auto_diesel,2014,100000,12900,14900,16900
mazda_cx5_maxx-sport_ke_wagon_auto_diesel,2014,150000,11800,13800,15800
mazda_cx5_maxx-sport_ke_wagon_auto_diesel,2014,200000,9900,11900,13900
mazda_cx5_maxx-sport_ke_wagon_auto_diesel,2014,225000,8950,10950,12950
mazda_cx5_maxx-sport_ke_wagon_auto_diesel,2014,300000,6100,8100,10100
mazda_cx5_maxx-sport_ke_wagon_auto_diesel,2016,30000,17000,19000,21000
mazda_cx5_maxx-sport_ke_wagon_auto_diesel,2016,60000,15800,17800,19800
mazda_cx5_maxx-sport_ke_wagon_auto_diesel,2016,100000,14500,16500,18500
mazda_cx5_maxx-sport_ke_wagon_auto_diesel,2016,150000,13000,15000,17000
mazda_cx5_maxx-sport_ke_wagon_auto_diesel,2016,200000,10600,12600,14600
mazda_cx5_maxx-sport_ke_wagon_auto_diesel,2016,225000,9650,11650,13650
mazda_cx5_maxx-sport_ke_wagon_auto_diesel,2016,300000,6800,8800,10800
mazda_cx5_maxx-sport_ke_wagon_auto_petrol,2012,30000,15900,16900,17900
mazda_cx5_maxx-sport_ke_wagon_auto_petrol,2012,60000,14500,15500,16500
mazda_cx5_maxx-sport_ke_wagon_auto_petrol,2012,100000,12900,13900,14900
mazda_cx5_maxx-sport_ke_wagon_auto_petrol,2012,150000,11000,12000,13000
mazda_cx5_maxx-sport_ke_wagon_auto_petrol,2012,200000,9400,10400,11400
mazda_cx5_maxx-sport_ke_wagon_auto_petrol,2014,30000,17800,18800,19800
mazda_cx5_maxx-sport_ke_wagon_auto_petrol,2014,60000,16200,17200,18200
mazda_cx5_maxx-sport_ke_wagon_auto_petrol,2014,100000,14400,15400,16400
mazda_cx5_maxx-sport_ke_wagon_auto_petrol,2014,150000,12400,13400,14400
mazda_cx5_maxx-sport_ke_wagon_auto_petrol,2014,200000,10600,11600,12600
mazda_cx5_maxx-sport_ke_wagon_auto_petrol,2016,30000,18800,20800,22800
mazda_cx5_maxx-sport_ke_wagon_auto_petrol,2016,60000,18100,19100,20100
mazda_cx5_maxx-sport_ke_wagon_auto_petrol,2016,100000,16100,17100,18100
mazda_cx5_maxx-sport_ke_wagon_auto_petrol,2016,150000,13800,14800,15800
mazda_cx5_maxx-sport_ke_wagon_auto_petrol,2016,200000,11900,12900,13900
mazda_cx5_maxx_ke_wagon_auto_petrol,2012,30000,14200,15200,16200
mazda_cx5_maxx_ke_wagon_auto_petrol,2012,60000,13200,14200,15200
mazda_cx5_maxx_ke_wagon_auto_petrol,2012,100000,12000,13000,14000
mazda_cx5_maxx_ke_wagon_auto_petrol,2012,150000,10700,11700,12700
mazda_cx5_maxx_ke_wagon_auto_petrol,2012,200000,9500,10500,11500
mazda_cx5_maxx_ke_wagon_auto_petrol,2014,30000,15500,16500,17500
mazda_cx5_maxx_ke_wagon_auto_petrol,2014,60000,14500,15500,16500
mazda_cx5_maxx_ke_wagon_auto_petrol,2014,100000,13200,14200,15200
mazda_cx5_maxx_ke_wagon_auto_petrol,2014,150000,11700,12700,13700
mazda_cx5_maxx_ke_wagon_auto_petrol,2014,200000,10400,11400,12400
mazda_cx5_maxx_ke_wagon_auto_petrol,2016,30000,16900,17900,18900
mazda_cx5_maxx_ke_wagon_auto_petrol,2016,60000,15800,16800,17800
mazda_cx5_maxx_ke_wagon_auto_petrol,2016,100000,14400,15400,16400
mazda_cx5_maxx_ke_wagon_auto_petrol,2016,150000,12800,13800,14800
mazda_cx5_maxx_ke_wagon_auto_petrol,2016,200000,11300,12300,13300
mitsubishi_pajero_exceed_nx_suv_auto_diesel,2015,30000,32200,34200,36200
mitsubishi_pajero_exceed_nx_suv_auto_diesel,2015,60000,30400,32400,34400
mitsubishi_pajero_exceed_nx_suv_auto_diesel,2015,100000,28200,30200,32200
mitsubishi_pajero_exceed_nx_suv_auto_diesel,2015,150000,25600,27600,29600
mitsubishi_pajero_exceed_nx_suv_auto_diesel,2015,200000,23200,25200,27200
mitsubishi_pajero_exceed_nx_suv_auto_diesel,2018,30000,37400,39400,41400
mitsubishi_pajero_exceed_nx_suv_auto_diesel,2018,60000,35400,37400,39400
mitsubishi_pajero_exceed_nx_suv_auto_diesel,2018,100000,32800,34800,36800
mitsubishi_pajero_exceed_nx_suv_auto_diesel,2018,150000,29800,31800,33800
mitsubishi_pajero_exceed_nx_suv_auto_diesel,2018,200000,27100,29100,31100
mitsubishi_pajero_exceed_nx_suv_auto_diesel,2020,30000,41300,43300,45300
mitsubishi_pajero_exceed_nx_suv_auto_diesel,2020,60000,39100,41100,43100
mitsubishi_pajero_exceed_nx_suv_auto_diesel,2020,100000,36200,38200,40200
mitsubishi_pajero_exceed_nx_suv_auto_diesel,2020,150000,33000,35000,37000
mitsubishi_pajero_exceed_nx_suv_auto_diesel,2020,200000,30000,32000,34000
mitsubishi_pajero_gls_nx_suv_auto_diesel,2015,30000,34900,36900,38900
mitsubishi_pajero_gls_nx_suv_auto_diesel,2015,60000,32400,34400,36400
mitsubishi_pajero_gls_nx_suv_auto_diesel,2015,100000,29200,31200,33200
mitsubishi_pajero_gls_nx_suv_auto_diesel,2015,150000,25700,27700,29700
mitsubishi_pajero_gls_nx_suv_auto_diesel,2015,200000,22600,24600,26600
mitsubishi_pajero_gls_nx_suv_auto_diesel,2018,30000,38000,40000,42000
mitsubishi_pajero_gls_nx_suv_auto_diesel,2018,60000,35300,37300,39300
mitsubishi_pajero_gls_nx_suv_auto_diesel,2018,100000,31900,33900,35900
mitsubishi_pajero_gls_nx_suv_auto_diesel,2018,150000,28100,30100,32100
mitsubishi_pajero_gls_nx_suv_auto_diesel,2018,200000,24700,26700,28700
mitsubishi_pajero_gls_nx_suv_auto_diesel,2020,30000,40300,42300,44300
mitsubishi_pajero_gls_nx_suv_auto_diesel,2020,60000,37400,39400,41400
mitsubishi_pajero_gls_nx_suv_auto_diesel,2020,100000,33800,35800,37800
mitsubishi_pajero_gls_nx_suv_auto_diesel,2020,150000,29800,31800,33800
mitsubishi_pajero_gls_nx_suv_auto_diesel,2020,200000,26200,28200,30200
mitsubishi_pajero_glx_nt-nw_suv_auto_diesel,2010,30000,28000,30000,32000
mitsubishi_pajero_glx_nt-nw_suv_auto_diesel,2010,60000,26000,28000,30000
mitsubishi_pajero_glx_nt-nw_suv_auto_diesel,2010,100000,23500,25500,27500
mitsubishi_pajero_glx_nt-nw_suv_auto_diesel,2010,150000,21000,23000,25000
mitsubishi_pajero_glx_nt-nw_suv_auto_diesel,2010,200000,17500,19500,21500
mitsubishi_pajero_glx_nt-nw_suv_auto_diesel,2010,225000,16000,18000,20000
mitsubishi_pajero_glx_nt-nw_suv_auto_diesel,2010,300000,11500,13500,15500
mitsubishi_pajero_glx_nt-nw_suv_auto_diesel,2012,30000,30000,32000,34000
mitsubishi_pajero_glx_nt-nw_suv_auto_diesel,2012,60000,28000,30000,32000
mitsubishi_pajero_glx_nt-nw_suv_auto_diesel,2012,100000,25500,27500,29500
mitsubishi_pajero_glx_nt-nw_suv_auto_diesel,2012,150000,22500,24500,26500
mitsubishi_pajero_glx_nt-nw_suv_auto_diesel,2012,200000,19000,21000,23000
mitsubishi_pajero_glx_nt-nw_suv_auto_diesel,2012,225000,17500,19500,21500
mitsubishi_pajero_glx_nt-nw_suv_auto_diesel,2012,300000,13000,15000,17000
mitsubishi_pajero_glx_nt-nw_suv_auto_diesel,2014,30000,33000,35000,37000
mitsubishi_pajero_glx_nt-nw_suv_auto_diesel,2014,60000,30500,32500,34500
mitsubishi_pajero_glx_nt-nw_suv_auto_diesel,2014,100000,28000,30000,32000
mitsubishi_pajero_glx_nt-nw_suv_auto_diesel,2014,150000,24500,26500,28500
mitsubishi_pajero_glx_nt-nw_suv_auto_diesel,2014,200000,21000,23000,25000
mitsubishi_pajero_glx_nt-nw_suv_auto_diesel,2014,225000,20000,22000,24000
mitsubishi_pajero_glx_nt-nw_suv_auto_diesel,2014,300000,15000,17000,19000
mitsubishi_pajero_glx_nx_suv_auto_diesel,2015,30000,37300,39300,41300
mitsubishi_pajero_glx_nx_suv_auto_diesel,2015,60000,33900,35900,37900
mitsubishi_pajero_glx_nx_suv_auto_diesel,2015,100000,29800,31800,33800
mitsubishi_pajero_glx_nx_suv_auto_diesel,2015,150000,25200,27200,29200
mitsubishi_pajero_glx_nx_suv_auto_diesel,2015,200000,21400,23400,25400
mitsubishi_pajero_glx_nx_suv_auto_diesel,2018,30000,39400,41400,43400
mitsubishi_pajero_glx_nx_suv_auto_diesel,2018,60000,35800,37800,39800
mitsubishi_pajero_glx_nx_suv_auto_diesel,2018,100000,31400,33400,35400
mitsubishi_pajero_glx_nx_suv_auto_diesel,2018,150000,26700,28700,30700
mitsubishi_pajero_glx_nx_suv_auto_diesel,2018,200000,22600,24600,26600
mitsubishi_pajero_glx_nx_suv_auto_diesel,2020,30000,40800,42800,44800
mitsubishi_pajero_glx_nx_suv_auto_diesel,2020,60000,37100,39100,41100
mitsubishi_pajero_glx_nx_suv_auto_diesel,2020,100000,32600,34600,36600
mitsubishi_pajero_glx_nx_suv_auto_diesel,2020,150000,27700,29700,31700
mitsubishi_pajero_glx_nx_suv_auto_diesel,2020,200000,23500,25500,27500
mitsubishi_triton_glx_mn_ute_auto_diesel,2011,30000,15300,16300,17300
mitsubishi_triton_glx_mn_ute_auto_diesel,2011,60000,14200,15200,16200
mitsubishi_triton_glx_mn_ute_auto_diesel,2011,100000,12800,13800,14800
mitsubishi_triton_glx_mn_ute_auto_diesel,2011,150000,11300,12300,13300
mitsubishi_triton_glx_mn_ute_auto_diesel,2011,200000,9900,10900,11900
mitsubishi_triton_glx_mn_ute_auto_diesel,2013,30000,16700,17700,18700
mitsubishi_triton_glx_mn_ute_auto_diesel,2013,60000,15500,16500,17500
mitsubishi_triton_glx_mn_ute_auto_diesel,2013,100000,14000,15000,16000
mitsubishi_triton_glx_mn_ute_auto_diesel,2013,150000,12300,13300,14300
mitsubishi_triton_glx_mn_ute_auto_diesel,2013,200000,10900,11900,12900
mitsubishi_triton_glx_mn_ute_auto_diesel,2015,30000,18200,19200,20200
mitsubishi_triton_glx_mn_ute_auto_diesel,2015,60000,16900,17900,18900
mitsubishi_triton_glx_mn_ute_auto_diesel,2015,100000,15300,16300,17300
mitsubishi_triton_glx_mn_ute_auto_diesel,2015,150000,13500,14500,15500
mitsubishi_triton_glx_mn_ute_auto_diesel,2015,200000,11900,12900,13900
mitsubishi_triton_glx_mn_ute_manual_diesel,2011,30000,20000,22000,24000
mitsubishi_triton_glx_mn_ute_manual_diesel,2011,60000,19000,21000,23000
mitsubishi_triton_glx_mn_ute_manual_diesel,2011,100000,17000,19000,21000
mitsubishi_triton_glx_mn_ute_manual_diesel,2011,150000,14500,16500,18500
mitsubishi_triton_glx_mn_ute_manual_diesel,2011,200000,12000,14000,16000
mitsubishi_triton_glx_mn_ute_manual_diesel,2011,225000,10500,12500,14500
mitsubishi_triton_glx_mn_ute_manual_diesel,2011,300000,7500,9500,11500
mitsubishi_triton_glx_mn_ute_manual_diesel,2013,30000,22000,24000,26000
mitsubishi_triton_glx_mn_ute_manual_diesel,2013,60000,20500,22500,24500
mitsubishi_triton_glx_mn_ute_manual_diesel,2013,100000,18500,20500,22500
mitsubishi_triton_glx_mn_ute_manual_diesel,2013,150000,16000,18000,20000
mitsubishi_triton_glx_mn_ute_manual_diesel,2013,200000,13500,15500,17500
mitsubishi_triton_glx_mn_ute_manual_diesel,2013,225000,12000,14000,16000
mitsubishi_triton_glx_mn_ute_manual_diesel,2013,300000,8500,10500,12500
mitsubishi_triton_glx_mn_ute_manual_diesel,2015,30000,24000,26000,28000
mitsubishi_triton_glx_mn_ute_manual_diesel,2015,60000,22500,24500,26500
mitsubishi_triton_glx_mn_ute_manual_diesel,2015,100000,20500,22500,24500
mitsubishi_triton_glx_mn_ute_manual_diesel,2015,150000,18000,20000,22000
mitsubishi_triton_glx_mn_ute_manual_diesel,2015,200000,15500,17500,19500
mitsubishi_triton_glx_mn_ute_manual_diesel,2015,225000,14000,16000,18000
mitsubishi_triton_glx_mn_ute_manual_diesel,2015,300000,10000,12000,14000
mitsubishi_triton_glxr_mn_ute_auto_diesel,2011,30000,15000,16000,17000
mitsubishi_triton_glxr_mn_ute_auto_diesel,2011,60000,14200,15200,16200
mitsubishi_triton_glxr_mn_ute_auto_diesel,2011,100000,13300,14300,15300
mitsubishi_triton_glxr_mn_ute_auto_diesel,2011,150000,12200,13200,14200
mitsubishi_triton_glxr_mn_ute_auto_diesel,2011,200000,11200,12200,13200
mitsubishi_triton_glxr_mn_ute_auto_diesel,2013,30000,16200,17200,18200
mitsubishi_triton_glxr_mn_ute_auto_diesel,2013,60000,15400,16400,17400
mitsubishi_triton_glxr_mn_ute_auto_diesel,2013,100000,14400,15400,16400
mitsubishi_triton_glxr_mn_ute_auto_diesel,2013,150000,13200,14200,15200
mitsubishi_triton_glxr_mn_ute_auto_diesel,2013,200000,12100,13100,14100
mitsubishi_triton_glxr_mn_ute_auto_diesel,2015,30000,17600,18600,19600
mitsubishi_triton_glxr_mn_ute_auto_diesel,2015,60000,16700,17700,18700
mitsubishi_triton_glxr_mn_ute_auto_diesel,2015,100000,15600,16600,17600
mitsubishi_triton_glxr_mn_ute_auto_diesel,2015,150000,14300,15300,16300
mitsubishi_triton_glxr_mn_ute_auto_diesel,2015,200000,13100,14100,15100
mitsubishi_triton_glxr_mn_ute_manual_diesel,2011,30000,14300,15300,16300
mitsubishi_triton_glxr_mn_ute_manual_diesel,2011,60000,13800,14800,15800
mitsubishi_triton_glxr_mn_ute_manual_diesel,2011,100000,13200,14200,15200
mitsubishi_triton_glxr_mn_ute_manual_diesel,2011,150000,12400,13400,14400
mitsubishi_triton_glxr_mn_ute_manual_diesel,2011,200000,11700,12700,13700
mitsubishi_triton_glxr_mn_ute_manual_diesel,2013,30000,14300,15300,16300
mitsubishi_triton_glxr_mn_ute_manual_diesel,2013,60000,13800,14800,15800
mitsubishi_triton_glxr_mn_ute_manual_diesel,2013,100000,13200,14200,15200
mitsubishi_triton_glxr_mn_ute_manual_diesel,2013,150000,12400,13400,14400
mitsubishi_triton_glxr_mn_ute_manual_diesel,2013,200000,11700,12700,13700
mitsubishi_triton_glxr_mn_ute_manual_diesel,2015,30000,14300,15300,16300
mitsubishi_triton_glxr_mn_ute_manual_diesel,2015,60000,13800,14800,15800
mitsubishi_triton_glxr_mn_ute_manual_diesel,2015,100000,13200,14200,15200
mitsubishi_triton_glxr_mn_ute_manual_diesel,2015,150000,12400,13400,14400
mitsubishi_triton_glxr_mn_ute_manual_diesel,2015,200000,11700,12700,13700
toyota_camry_altise_acv40r_sedan_auto_petrol,2006,30000,8100,9100,10100
toyota_camry_altise_acv40r_sedan_auto_petrol,2006,60000,7500,8500,9500
toyota_camry_altise_acv40r_sedan_auto_petrol,2006,100000,6600,7600,8600
toyota_camry_altise_acv40r_sedan_auto_petrol,2006,150000,5700,6700,7700
toyota_camry_altise_acv40r_sedan_auto_petrol,2006,200000,4900,5900,6900
toyota_camry_altise_acv40r_sedan_auto_petrol,2008,30000,9700,10700,11700
toyota_camry_altise_acv40r_sedan_auto_petrol,2008,60000,8900,9900,10900
toyota_camry_altise_acv40r_sedan_auto_petrol,2008,100000,7900,8900,9900
toyota_camry_altise_acv40r_sedan_auto_petrol,2008,150000,6800,7800,8800
toyota_camry_altise_acv40r_sedan_auto_petrol,2008,200000,5900,6900,7900
toyota_camry_altise_acv40r_sedan_auto_petrol,2010,30000,11500,12500,13500
toyota_camry_altise_acv40r_sedan_auto_petrol,2010,60000,10600,11600,12600
toyota_camry_altise_acv40r_sedan_auto_petrol,2010,100000,9400,10400,11400
toyota_camry_altise_acv40r_sedan_auto_petrol,2010,150000,8100,9100,10100
toyota_camry_altise_acv40r_sedan_auto_petrol,2010,200000,7000,8000,9000
toyota_camry_ascent-sport_axvh71r_sedan_auto_hybrid,2018,30000,28000,30000,32000
toyota_camry_ascent-sport_axvh71r_sedan_auto_hybrid,2018,60000,26750,28750,30750
toyota_camry_ascent-sport_axvh71r_sedan_auto_hybrid,2018,100000,25000,27000,29000
toyota_camry_ascent-sport_axvh71r_sedan_auto_hybrid,2018,150000,22500,24500,26500
toyota_camry_ascent-sport_axvh71r_sedan_auto_hybrid,2018,200000,20000,22000,24000
toyota_camry_ascent-sport_axvh71r_sedan_auto_hybrid,2018,225000,18875,20875,22875
toyota_camry_ascent-sport_axvh71r_sedan_auto_hybrid,2018,300000,15500,17500,19500
toyota_camry_ascent-sport_axvh71r_sedan_auto_hybrid,2019,30000,28500,30500,32500
toyota_camry_ascent-sport_axvh71r_sedan_auto_hybrid,2019,60000,27250,29250,31250
toyota_camry_ascent-sport_axvh71r_sedan_auto_hybrid,2019,100000,26000,28000,30000
toyota_camry_ascent-sport_axvh71r_sedan_auto_hybrid,2019,150000,23500,25500,27500
toyota_camry_ascent-sport_axvh71r_sedan_auto_hybrid,2019,200000,21500,23500,25500
toyota_camry_ascent-sport_axvh71r_sedan_auto_hybrid,2019,225000,20375,22375,24375
toyota_camry_ascent-sport_axvh71r_sedan_auto_hybrid,2019,300000,17000,19000,21000
toyota_camry_ascent-sport_axvh71r_sedan_auto_hybrid,2020,30000,30000,32000,34000
toyota_camry_ascent-sport_axvh71r_sedan_auto_hybrid,2020,60000,28750,30750,32750
toyota_camry_ascent-sport_axvh71r_sedan_auto_hybrid,2020,100000,27500,29500,31500
toyota_camry_ascent-sport_axvh71r_sedan_auto_hybrid,2020,150000,25250,27250,29250
toyota_camry_ascent-sport_axvh71r_sedan_auto_hybrid,2020,200000,23000,25000,27000
toyota_camry_ascent-sport_axvh71r_sedan_auto_hybrid,2020,225000,21875,23875,25875
toyota_camry_ascent-sport_axvh71r_sedan_auto_hybrid,2020,300000,18500,20500,22500
toyota_camry_asv50r_sedan_auto_petrol,2013,30000,12900,14900,16900
toyota_camry_asv50r_sedan_auto_petrol,2013,60000,12200,14200,16200
toyota_camry_asv50r_sedan_auto_petrol,2013,100000,11400,13400,15400
toyota_camry_asv50r_sedan_auto_petrol,2013,150000,10300,12300,14300
toyota_camry_asv50r_sedan_auto_petrol,2013,200000,8900,10900,12900
toyota_camry_asv50r_sedan_auto_petrol,2013,225000,8200,10200,12200
toyota_camry_asv50r_sedan_auto_petrol,2013,300000,6100,8100,10100
toyota_camry_asv50r_sedan_auto_petrol,2015,30000,14700,16700,18700
toyota_camry_asv50r_sedan_auto_petrol,2015,60000,14000,16000,18000
toyota_camry_asv50r_sedan_auto_petrol,2015,100000,12900,14900,16900
toyota_camry_asv50r_sedan_auto_petrol,2015,150000,11600,13600,15600
toyota_camry_asv50r_sedan_auto_petrol,2015,200000,10200,12200,14200
toyota_camry_asv50r_sedan_auto_petrol,2015,225000,9500,11500,13500
toyota_camry_asv50r_sedan_auto_petrol,2015,300000,7400,9400,11400
toyota_camry_asv50r_sedan_auto_petrol,2017,30000,16200,18200,20200
toyota_camry_asv50r_sedan_auto_petrol,2017,60000,15400,17400,19400
toyota_camry_asv50r_sedan_auto_petrol,2017,100000,14200,16200,18200
toyota_camry_asv50r_sedan_auto_petrol,2017,150000,13200,15200,17200
toyota_camry_asv50r_sedan_auto_petrol,2017,200000,11900,13900,15900
toyota_camry_asv50r_sedan_auto_petrol,2017,225000,11200,13200,15200
toyota_camry_asv50r_sedan_auto_petrol,2017,300000,9100,11100,13100
toyota_camry_asv70r_sedan_auto_petrol,2018,30000,26000,28000,30000
toyota_camry_asv70r_sedan_auto_petrol,2018,60000,23500,25500,27500
toyota_camry_asv70r_sedan_auto_petrol,2018,100000,20500,22500,24500
toyota_camry_asv70r_sedan_auto_petrol,2018,150000,17500,19500,21500
toyota_camry_asv70r_sedan_auto_petrol,2018,200000,15000,17000,19000
toyota_camry_asv70r_sedan_auto_petrol,2018,225000,13750,15750,17750
toyota_camry_asv70r_sedan_auto_petrol,2018,300000,10000,12000,14000
toyota_camry_asv70r_sedan_auto_petrol,2020,30000,29500,31500,33500
toyota_camry_asv70r_sedan_auto_petrol,2020,60000,27500,29500,31500
toyota_camry_asv70r_sedan_auto_petrol,2020,100000,25000,27000,29000
toyota_camry_asv70r_sedan_auto_petrol,2020,150000,22000,24000,26000
toyota_camry_asv70r_sedan_auto_petrol,2020,200000,19000,21000,23000
toyota_camry_asv70r_sedan_auto_petrol,2020,225000,17750,19750,21750
toyota_camry_asv70r_sedan_auto_petrol,2020,300000,14000,16000,18000
toyota_camry_asv70r_sedan_auto_petrol,2022,30000,33000,35000,37000
toyota_camry_asv70r_sedan_auto_petrol,2022,60000,31000,33000,35000
toyota_camry_asv70r_sedan_auto_petrol,2022,100000,28000,30000,32000
toyota_camry_asv70r_sedan_auto_petrol,2022,150000,25000,27000,29000
toyota_camry_asv70r_sedan_auto_petrol,2022,200000,22500,24500,26500
toyota_camry_asv70r_sedan_auto_petrol,2022,225000,21250,23250,25250
toyota_camry_asv70r_sedan_auto_petrol,2022,300000,17500,19500,21500
toyota_camry_axvh71r_sedan_auto_hybrid,2018,30000,27500,29500,31500
toyota_camry_axvh71r_sedan_auto_hybrid,2018,60000,26500,28500,30500
toyota_camry_axvh71r_sedan_auto_hybrid,2018,100000,25500,27500,29500
toyota_camry_axvh71r_sedan_auto_hybrid,2018,150000,23500,25500,27500
toyota_camry_axvh71r_sedan_auto_hybrid,2018,200000,21500,23500,25500
toyota_camry_axvh71r_sedan_auto_hybrid,2018,225000,20500,22500,24500
toyota_camry_axvh71r_sedan_auto_hybrid,2018,300000,17500,19500,21500
toyota_camry_axvh71r_sedan_auto_hybrid,2020,30000,30500,32500,34500
toyota_camry_axvh71r_sedan_auto_hybrid,2020,60000,29500,31500,33500
toyota_camry_axvh71r_sedan_auto_hybrid,2020,100000,27500,29500,31500
toyota_camry_axvh71r_sedan_auto_hybrid,2020,150000,25500,27500,29500
toyota_camry_axvh71r_sedan_auto_hybrid,2020,200000,23500,25500,27500
toyota_camry_axvh71r_sedan_auto_hybrid,2020,225000,22500,24500,26500
toyota_camry_axvh71r_sedan_auto_hybrid,2020,300000,19500,21500,23500
toyota_camry_axvh71r_sedan_auto_hybrid,2022,30000,32500,34500,36500
toyota_camry_axvh71r_sedan_auto_hybrid,2022,60000,31500,33500,35500
toyota_camry_axvh71r_sedan_auto_hybrid,2022,100000,29500,31500,33500
toyota_camry_axvh71r_sedan_auto_hybrid,2022,150000,27500,29500,31500
toyota_camry_axvh71r_sedan_auto_hybrid,2022,200000,25500,27500,29500
toyota_camry_axvh71r_sedan_auto_hybrid,2022,225000,24500,26500,28500
toyota_camry_axvh71r_sedan_auto_hybrid,2022,300000,21500,23500,25500
toyota_camry_axvh71r_sedan_auto_hybrid,2024,30000,35500,37500,39500
toyota_camry_axvh71r_sedan_auto_hybrid,2024,60000,33500,35500,37500
toyota_camry_axvh71r_sedan_auto_hybrid,2024,100000,31500,33500,35500
toyota_camry_axvh71r_sedan_auto_hybrid,2024,150000,29500,31500,33500
toyota_camry_axvh71r_sedan_auto_hybrid,2024,200000,27500,29500,31500
toyota_camry_axvh71r_sedan_auto_hybrid,2024,225000,26500,28500,30500
toyota_camry_axvh71r_sedan_auto_hybrid,2024,300000,23500,25500,27500
toyota_corolla_ascent-sport_zre182r_hatch_auto_petrol,2014,30000,16400,17700,19000
toyota_corolla_ascent-sport_zre182r_hatch_auto_petrol,2014,60000,15400,16700,18000
toyota_corolla_ascent-sport_zre182r_hatch_auto_petrol,2014,100000,14500,15700,16900
toyota_corolla_ascent-sport_zre182r_hatch_auto_petrol,2014,150000,13300,14500,15600
toyota_corolla_ascent-sport_zre182r_hatch_auto_petrol,2014,200000,12000,13200,14400
toyota_corolla_ascent-sport_zre182r_hatch_auto_petrol,2014,225000,11300,12450,13600
toyota_corolla_ascent-sport_zre182r_hatch_auto_petrol,2014,300000,9200,10200,11200
toyota_corolla_ascent-sport_zre182r_hatch_auto_petrol,2016,30000,19300,20800,22300
toyota_corolla_ascent-sport_zre182r_hatch_auto_petrol,2016,60000,18000,19400,20800
toyota_corolla_ascent-sport_zre182r_hatch_auto_petrol,2016,100000,16800,18100,19400
toyota_corolla_ascent-sport_zre182r_hatch_auto_petrol,2016,150000,15400,16600,17800
toyota_corolla_ascent-sport_zre182r_hatch_auto_petrol,2016,200000,13900,15000,16100
toyota_corolla_ascent-sport_zre182r_hatch_auto_petrol,2016,225000,13200,14250,15300
toyota_corolla_ascent-sport_zre182r_hatch_auto_petrol,2016,300000,11100,12000,12900
toyota_corolla_ascent-sport_zre182r_hatch_auto_petrol,2018,30000,19500,21000,22500
toyota_corolla_ascent-sport_zre182r_hatch_auto_petrol,2018,60000,18400,19800,21200
toyota_corolla_ascent-sport_zre182r_hatch_auto_petrol,2018,100000,17400,18700,20000
toyota_corolla_ascent-sport_zre182r_hatch_auto_petrol,2018,150000,15900,17100,18300
toyota_corolla_ascent-sport_zre182r_hatch_auto_petrol,2018,200000,14500,15600,16700
toyota_corolla_ascent-sport_zre182r_hatch_auto_petrol,2018,225000,13800,14850,15900
toyota_corolla_ascent-sport_zre182r_hatch_auto_petrol,2018,300000,11700,12600,13500
toyota_corolla_ascent-sport_zre182r_hatch_manual_petrol,2012,30000,13100,14100,15100
toyota_corolla_ascent-sport_zre182r_hatch_manual_petrol,2012,60000,12100,13100,14100
toyota_corolla_ascent-sport_zre182r_hatch_manual_petrol,2012,100000,10800,11800,12800
toyota_corolla_ascent-sport_zre182r_hatch_manual_petrol,2012,150000,9400,10400,11400
toyota_corolla_ascent-sport_zre182r_hatch_manual_petrol,2012,200000,8200,9200,10200
toyota_corolla_ascent-sport_zre182r_hatch_manual_petrol,2014,30000,14700,15700,16700
toyota_corolla_ascent-sport_zre182r_hatch_manual_petrol,2014,60000,13600,14600,15600
toyota_corolla_ascent-sport_zre182r_hatch_manual_petrol,2014,100000,12200,13200,14200
toyota_corolla_ascent-sport_zre182r_hatch_manual_petrol,2014,150000,10600,11600,12600
toyota_corolla_ascent-sport_zre182r_hatch_manual_petrol,2014,200000,9200,10200,11200
toyota_corolla_ascent-sport_zre182r_hatch_manual_petrol,2016,30000,16500,17500,18500
toyota_corolla_ascent-sport_zre182r_hatch_manual_petrol,2016,60000,15200,16200,17200
toyota_corolla_ascent-sport_zre182r_hatch_manual_petrol,2016,100000,13700,14700,15700
toyota_corolla_ascent-sport_zre182r_hatch_manual_petrol,2016,150000,11900,12900,13900
toyota_corolla_ascent-sport_zre182r_hatch_manual_petrol,2016,200000,10400,11400,12400
toyota_corolla_ascent_zre152r_hatch_auto_petrol,2007,30000,9600,10600,11600
toyota_corolla_ascent_zre152r_hatch_auto_petrol,2007,60000,8800,9800,10800
toyota_corolla_ascent_zre152r_hatch_auto_petrol,2007,100000,7800,8800,9800
toyota_corolla_ascent_zre152r_hatch_auto_petrol,2007,150000,6700,7700,8700
toyota_corolla_ascent_zre152r_hatch_auto_petrol,2007,200000,5700,6700,7700
toyota_corolla_ascent_zre152r_hatch_auto_petrol,2009,30000,10700,11700,12700
toyota_corolla_ascent_zre152r_hatch_auto_petrol,2009,60000,9800,10800,11800
toyota_corolla_ascent_zre152r_hatch_auto_petrol,2009,100000,8700,9700,10700
toyota_corolla_ascent_zre152r_hatch_auto_petrol,2009,150000,7500,8500,9500
toyota_corolla_ascent_zre152r_hatch_auto_petrol,2009,200000,6400,7400,8400
toyota_corolla_ascent_zre152r_hatch_auto_petrol,2011,30000,11900,12900,13900
toyota_corolla_ascent_zre152r_hatch_auto_petrol,2011,60000,10900,11900,12900
toyota_corolla_ascent_zre152r_hatch_auto_petrol,2011,100000,9700,10700,11700
toyota_corolla_ascent_zre152r_hatch_auto_petrol,2011,150000,8300,9300,10300
toyota_corolla_ascent_zre152r_hatch_auto_petrol,2011,200000,7200,8200,9200
toyota_corolla_ascent_zre182r_hatch_auto_petrol,2013,30000,15700,17000,18300
toyota_corolla_ascent_zre182r_hatch_auto_petrol,2013,60000,14600,15800,17000
toyota_corolla_ascent_zre182r_hatch_auto_petrol,2013,100000,13500,14600,15700
toyota_corolla_ascent_zre182r_hatch_auto_petrol,2013,150000,12000,13000,14000
toyota_corolla_ascent_zre182r_hatch_auto_petrol,2013,200000,10600,11500,12400
toyota_corolla_ascent_zre182r_hatch_auto_petrol,2013,225000,9500,10500,12000
toyota_corolla_ascent_zre182r_hatch_auto_petrol,2013,300000,7800,8500,9200
toyota_corolla_ascent_zre182r_hatch_auto_petrol,2015,30000,16600,18000,19400
toyota_corolla_ascent_zre182r_hatch_auto_petrol,2015,60000,15500,16800,18100
toyota_corolla_ascent_zre182r_hatch_auto_petrol,2015,100000,14400,15600,16800
toyota_corolla_ascent_zre182r_hatch_auto_petrol,2015,150000,13100,14200,15300
toyota_corolla_ascent_zre182r_hatch_auto_petrol,2015,200000,11700,12700,13700
toyota_corolla_ascent_zre182r_hatch_auto_petrol,2015,225000,11000,11950,12900
toyota_corolla_ascent_zre182r_hatch_auto_petrol,2015,300000,8900,9700,10500
toyota_corolla_ascent_zre182r_hatch_auto_petrol,2018,30000,20700,22500,24300
toyota_corolla_ascent_zre182r_hatch_auto_petrol,2018,60000,19600,21300,23000
toyota_corolla_ascent_zre182r_hatch_auto_petrol,2018,100000,18400,19900,21400
toyota_corolla_ascent_zre182r_hatch_auto_petrol,2018,150000,16900,18300,19700
toyota_corolla_ascent_zre182r_hatch_auto_petrol,2018,200000,15500,16800,18100
toyota_corolla_ascent_zre182r_hatch_auto_petrol,2018,225000,14800,16050,17300
toyota_corolla_ascent_zre182r_hatch_auto_petrol,2018,300000,12700,13800,14900
toyota_corolla_mzea12r_hatch_auto_petrol,2019,30000,24400,26500,28600
toyota_corolla_mzea12r_hatch_auto_petrol,2019,60000,23900,25990,28050
toyota_corolla_mzea12r_hatch_auto_petrol,2019,100000,21150,23000,24850
toyota_corolla_mzea12r_hatch_auto_petrol,2019,150000,19300,21000,22700
toyota_corolla_mzea12r_hatch_auto_petrol,2019,200000,17950,19500,21050
toyota_corolla_mzea12r_hatch_auto_petrol,2019,225000,17025,18500,19975
toyota_corolla_mzea12r_hatch_auto_petrol,2019,300000,14250,15500,16750
toyota_corolla_mzea12r_hatch_auto_petrol,2021,30000,25750,27990,30250
toyota_corolla_mzea12r_hatch_auto_petrol,2021,60000,24400,26500,28600
toyota_corolla_mzea12r_hatch_auto_petrol,2021,100000,22900,24880,26850
toyota_corolla_mzea12r_hatch_auto_petrol,2021,150000,20700,22500,24300
toyota_corolla_mzea12r_hatch_auto_petrol,2021,200000,18850,20500,22150
toyota_corolla_mzea12r_hatch_auto_petrol,2021,225000,17925,19500,21075
toyota_corolla_mzea12r_hatch_auto_petrol,2021,300000,15150,16500,17850
toyota_corolla_mzea12r_hatch_auto_petrol,2024,30000,27600,29990,32400
toyota_corolla_mzea12r_hatch_auto_petrol,2024,60000,26200,28500,30800
toyota_corolla_mzea12r_hatch_auto_petrol,2024,100000,24400,26500,28600
toyota_corolla_mzea12r_hatch_auto_petrol,2024,150000,22550,24500,26450
toyota_corolla_mzea12r_hatch_auto_petrol,2024,200000,20700,22500,24300
toyota_corolla_mzea12r_hatch_auto_petrol,2024,225000,19775,21500,23225
toyota_corolla_mzea12r_hatch_auto_petrol,2024,300000,17000,18500,20000
toyota_corolla_zre152r_sedan_auto_petrol,2009,30000,12150,13500,14850
toyota_corolla_zre152r_sedan_auto_petrol,2009,60000,11450,12700,13950
toyota_corolla_zre152r_sedan_auto_petrol,2009,100000,10600,11800,13000
toyota_corolla_zre152r_sedan_auto_petrol,2009,150000,9900,11000,12100
toyota_corolla_zre152r_sedan_auto_petrol,2009,200000,9000,10000,11000
toyota_corolla_zre152r_sedan_auto_petrol,2009,225000,8300,9250,10200
toyota_corolla_zre152r_sedan_auto_petrol,2009,300000,6200,7000,7800
toyota_corolla_zre152r_sedan_auto_petrol,2011,30000,13500,15000,16500
toyota_corolla_zre152r_sedan_auto_petrol,2011,60000,12800,14200,15600
toyota_corolla_zre152r_sedan_auto_petrol,2011,100000,12150,13500,14850
toyota_corolla_zre152r_sedan_auto_petrol,2011,150000,11250,12500,13750
toyota_corolla_zre152r_sedan_auto_petrol,2011,200000,9250,10300,11300
toyota_corolla_zre152r_sedan_auto_petrol,2011,225000,8550,9550,10500
toyota_corolla_zre152r_sedan_auto_petrol,2011,300000,6450,7300,8100
toyota_corolla_zre152r_sedan_auto_petrol,2013,30000,14400,16000,17600
toyota_corolla_zre152r_sedan_auto_petrol,2013,60000,13600,15100,16600
toyota_corolla_zre152r_sedan_auto_petrol,2013,100000,12800,14200,15600
toyota_corolla_zre152r_sedan_auto_petrol,2013,150000,11800,13100,14400
toyota_corolla_zre152r_sedan_auto_petrol,2013,200000,10400,11600,12800
toyota_corolla_zre152r_sedan_auto_petrol,2013,225000,9700,10850,12000
toyota_corolla_zre152r_sedan_auto_petrol,2013,300000,7600,8600,9600
toyota_corolla_zre172r_sedan_auto_petrol,2015,30000,17950,19500,21050
toyota_corolla_zre172r_sedan_auto_petrol,2015,60000,17300,18800,20300
toyota_corolla_zre172r_sedan_auto_petrol,2015,100000,17000,18490,19950
toyota_corolla_zre172r_sedan_auto_petrol,2015,150000,15800,17200,18600
toyota_corolla_zre172r_sedan_auto_petrol,2015,200000,14250,15500,16750
toyota_corolla_zre172r_sedan_auto_petrol,2015,225000,13450,14625,15800
toyota_corolla_zre172r_sedan_auto_petrol,2015,300000,11050,12000,12950
toyota_corolla_zre172r_sedan_auto_petrol,2017,30000,20250,22000,23750
toyota_corolla_zre172r_sedan_auto_petrol,2017,60000,19250,20990,22650
toyota_corolla_zre172r_sedan_auto_petrol,2017,100000,17500,19000,20500
toyota_corolla_zre172r_sedan_auto_petrol,2017,150000,16500,17950,19400
toyota_corolla_zre172r_sedan_auto_petrol,2017,200000,14900,16200,17500
toyota_corolla_zre172r_sedan_auto_petrol,2017,225000,14100,15325,16550
toyota_corolla_zre172r_sedan_auto_petrol,2017,300000,11700,12700,13700
toyota_corolla_zre172r_sedan_auto_petrol,2019,30000,22000,23900,25800
toyota_corolla_zre172r_sedan_auto_petrol,2019,60000,21250,23100,24950
toyota_corolla_zre172r_sedan_auto_petrol,2019,100000,20200,21990,23750
toyota_corolla_zre172r_sedan_auto_petrol,2019,150000,20150,21888,23650
toyota_corolla_zre172r_sedan_auto_petrol,2019,200000,18200,19800,21400
toyota_corolla_zre172r_sedan_auto_petrol,2019,225000,17400,18925,20450
toyota_corolla_zre172r_sedan_auto_petrol,2019,300000,15000,16300,17600
toyota_corolla_zwe211r_hatch_auto_hybrid,2020,30000,26200,28500,30800
toyota_corolla_zwe211r_hatch_auto_hybrid,2020,60000,24850,27000,29150
toyota_corolla_zwe211r_hatch_auto_hybrid,2020,100000,23000,25000,27000
toyota_corolla_zwe211r_hatch_auto_hybrid,2020,150000,22550,24500,26450
toyota_corolla_zwe211r_hatch_auto_hybrid,2020,200000,20700,22500,24300
toyota_corolla_zwe211r_hatch_auto_hybrid,2020,225000,19775,21500,23225
toyota_corolla_zwe211r_hatch_auto_hybrid,2020,300000,17000,18500,20000
toyota_corolla_zwe211r_hatch_auto_hybrid,2021,30000,27500,29900,32300
toyota_corolla_zwe211r_hatch_auto_hybrid,2021,60000,25750,28000,30250
toyota_corolla_zwe211r_hatch_auto_hybrid,2021,100000,24750,26900,29050
toyota_corolla_zwe211r_hatch_auto_hybrid,2021,150000,22800,24750,26700
toyota_corolla_zwe211r_hatch_auto_hybrid,2021,200000,21000,22850,24700
toyota_corolla_zwe211r_hatch_auto_hybrid,2021,225000,20075,21850,23625
toyota_corolla_zwe211r_hatch_auto_hybrid,2021,300000,17300,18850,20400
toyota_corolla_zwe211r_hatch_auto_hybrid,2022,30000,29250,31800,34350
toyota_corolla_zwe211r_hatch_auto_hybrid,2022,60000,27500,29900,32300
toyota_corolla_zwe211r_hatch_auto_hybrid,2022,100000,25750,27990,30250
toyota_corolla_zwe211r_hatch_auto_hybrid,2022,150000,23450,25500,27550
toyota_corolla_zwe211r_hatch_auto_hybrid,2022,200000,21600,23500,25400
toyota_corolla_zwe211r_hatch_auto_hybrid,2022,225000,20675,22500,24325
toyota_corolla_zwe211r_hatch_auto_hybrid,2022,300000,17900,19500,21100
toyota_corolla_zwe219r_hatch_auto_hybrid,2024,30000,30800,33500,36200
toyota_corolla_zwe219r_hatch_auto_hybrid,2024,60000,28050,30500,32950
toyota_corolla_zwe219r_hatch_auto_hybrid,2024,100000,26200,28500,30800
toyota_corolla_zwe219r_hatch_auto_hybrid,2024,150000,24400,26500,28600
toyota_corolla_zwe219r_hatch_auto_hybrid,2024,200000,22550,24500,26450
toyota_corolla_zwe219r_hatch_auto_hybrid,2024,225000,21625,23500,25375
toyota_corolla_zwe219r_hatch_auto_hybrid,2024,300000,18850,20500,22150
toyota_corolla_zwe219r_hatch_auto_hybrid,2025,30000,33850,36800,39750
toyota_corolla_zwe219r_hatch_auto_hybrid,2025,60000,30800,33500,36200
toyota_corolla_zwe219r_hatch_auto_hybrid,2025,100000,28500,31000,33500
toyota_corolla_zwe219r_hatch_auto_hybrid,2025,150000,26700,29000,31300
toyota_corolla_zwe219r_hatch_auto_hybrid,2025,200000,24850,27000,29150
toyota_corolla_zwe219r_hatch_auto_hybrid,2025,225000,23925,26000,28075
toyota_corolla_zwe219r_hatch_auto_hybrid,2025,300000,21150,23000,24850
toyota_hilux_sr_gun126r_cab_chassis_auto_diesel,2016,30000,45000,48000,51000
toyota_hilux_sr_gun126r_cab_chassis_auto_diesel,2016,60000,42000,45000,48000
toyota_hilux_sr_gun126r_cab_chassis_auto_diesel,2016,100000,38500,41500,44500
toyota_hilux_sr_gun126r_cab_chassis_auto_diesel,2016,150000,35000,38000,41000
toyota_hilux_sr_gun126r_cab_chassis_auto_diesel,2016,200000,31500,34500,37500
toyota_hilux_sr_gun126r_cab_chassis_auto_diesel,2016,225000,29500,32500,35500
toyota_hilux_sr_gun126r_cab_chassis_auto_diesel,2016,300000,23500,26500,29500
toyota_hilux_sr_gun126r_cab_chassis_auto_diesel,2018,30000,49000,52000,55000
toyota_hilux_sr_gun126r_cab_chassis_auto_diesel,2018,60000,46000,49000,52000
toyota_hilux_sr_gun126r_cab_chassis_auto_diesel,2018,100000,42000,45000,48000
toyota_hilux_sr_gun126r_cab_chassis_auto_diesel,2018,150000,37000,40000,43000
toyota_hilux_sr_gun126r_cab_chassis_auto_diesel,2018,200000,32500,35500,38500
toyota_hilux_sr_gun126r_cab_chassis_auto_diesel,2018,225000,30500,33500,36500
toyota_hilux_sr_gun126r_cab_chassis_auto_diesel,2018,300000,24500,27500,30500
toyota_hilux_sr_gun126r_cab_chassis_auto_diesel,2020,30000,52000,55000,58000
toyota_hilux_sr_gun126r_cab_chassis_auto_diesel,2020,60000,48000,51000,54000
toyota_hilux_sr_gun126r_cab_chassis_auto_diesel,2020,100000,42000,45000,48000
toyota_hilux_sr_gun126r_cab_chassis_auto_diesel,2020,150000,38500,41500,44500
toyota_hilux_sr_gun126r_cab_chassis_auto_diesel,2020,200000,35500,38500,41500
toyota_hilux_sr_gun126r_cab_chassis_auto_diesel,2020,225000,33500,36500,39500
toyota_hilux_sr_gun126r_cab_chassis_auto_diesel,2020,300000,27500,30500,33500
toyota_hilux_sr_gun126r_cab_chassis_auto_diesel,2022,30000,53000,56000,59000
toyota_hilux_sr_gun126r_cab_chassis_auto_diesel,2022,60000,51000,54000,57000
toyota_hilux_sr_gun126r_cab_chassis_auto_diesel,2022,100000,47000,50000,53000
toyota_hilux_sr_gun126r_cab_chassis_auto_diesel,2022,150000,42000,45000,48000
toyota_hilux_sr_gun126r_cab_chassis_auto_diesel,2022,200000,37500,40500,43500
toyota_hilux_sr_gun126r_cab_chassis_auto_diesel,2022,225000,35500,38500,41500
toyota_hilux_sr_gun126r_cab_chassis_auto_diesel,2022,300000,29500,32500,35500
toyota_yaris_ascent_ncp130r_hatch_auto_petrol,2014,30000,14000,15000,16000
toyota_yaris_ascent_ncp130r_hatch_auto_petrol,2014,60000,13200,14200,15200
toyota_yaris_ascent_ncp130r_hatch_auto_petrol,2014,100000,12000,13000,14000
toyota_yaris_ascent_ncp130r_hatch_auto_petrol,2014,150000,9500,10500,11500
toyota_yaris_ascent_ncp130r_hatch_auto_petrol,2014,200000,7500,8500,9500
toyota_yaris_ascent_ncp130r_hatch_auto_petrol,2014,225000,6000,7000,8000
toyota_yaris_ascent_ncp130r_hatch_auto_petrol,2014,300000,4000,5000,6000
toyota_yaris_ascent_ncp130r_hatch_auto_petrol,2016,30000,17500,18500,19500
toyota_yaris_ascent_ncp130r_hatch_auto_petrol,2016,60000,16500,17500,18500
toyota_yaris_ascent_ncp130r_hatch_auto_petrol,2016,100000,14500,15500,16500
toyota_yaris_ascent_ncp130r_hatch_auto_petrol,2016,150000,12500,13500,14500
toyota_yaris_ascent_ncp130r_hatch_auto_petrol,2016,200000,10500,11500,12500
toyota_yaris_ascent_ncp130r_hatch_auto_petrol,2016,225000,9500,10500,11500
toyota_yaris_ascent_ncp130r_hatch_auto_petrol,2016,300000,7000,8000,9000
toyota_yaris_ascent_ncp130r_hatch_auto_petrol,2018,30000,19500,20500,21500
toyota_yaris_ascent_ncp130r_hatch_auto_petrol,2018,60000,18000,19000,20000
toyota_yaris_ascent_ncp130r_hatch_auto_petrol,2018,100000,16500,17500,18500
toyota_yaris_ascent_ncp130r_hatch_auto_petrol,2018,150000,15000,16000,17000
toyota_yaris_ascent_ncp130r_hatch_auto_petrol,2018,200000,13000,14000,15000
toyota_yaris_ascent_ncp130r_hatch_auto_petrol,2018,225000,11500,12500,13500
toyota_yaris_ascent_ncp130r_hatch_auto_petrol,2018,300000,8500,9500,10500
toyota_yaris_ascent_ncp130r_hatch_auto_petrol,2020,30000,20500,21500,22500
toyota_yaris_ascent_ncp130r_hatch_auto_petrol,2020,60000,19500,20500,21500
toyota_yaris_ascent_ncp130r_hatch_auto_petrol,2020,100000,18000,19000,20000
toyota_yaris_ascent_ncp130r_hatch_auto_petrol,2020,150000,16000,17000,18000
toyota_yaris_ascent_ncp130r_hatch_auto_petrol,2020,200000,13500,14500,15500
toyota_yaris_ascent_ncp130r_hatch_auto_petrol,2020,225000,12000,13000,14000
toyota_yaris_ascent_ncp130r_hatch_auto_petrol,2020,300000,9000,10000,11000
toyota_yaris_ascent_ncp130r_hatch_manual_petrol,2014,30000,12000,13000,14000
toyota_yaris_ascent_ncp130r_hatch_manual_petrol,2014,60000,10800,11800,12800
toyota_yaris_ascent_ncp130r_hatch_manual_petrol,2014,100000,9300,10300,11300
toyota_yaris_ascent_ncp130r_hatch_manual_petrol,2014,150000,7700,8700,9700
toyota_yaris_ascent_ncp130r_hatch_manual_petrol,2014,200000,6400,7400,8400
toyota_yaris_ascent_ncp130r_hatch_manual_petrol,2016,30000,13100,14100,15100
toyota_yaris_ascent_ncp130r_hatch_manual_petrol,2016,60000,11700,12700,13700
toyota_yaris_ascent_ncp130r_hatch_manual_petrol,2016,100000,10100,11100,12100
toyota_yaris_ascent_ncp130r_hatch_manual_petrol,2016,150000,8400,9400,10400
toyota_yaris_ascent_ncp130r_hatch_manual_petrol,2016,200000,7000,8000,9000
toyota_yaris_ascent_ncp130r_hatch_manual_petrol,2018,30000,14200,15200,16200
toyota_yaris_ascent_ncp130r_hatch_manual_petrol,2018,60000,12700,13700,14700
toyota_yaris_ascent_ncp130r_hatch_manual_petrol,2018,100000,11000,12000,13000
toyota_yaris_ascent_ncp130r_hatch_manual_petrol,2018,150000,9200,10200,11200
toyota_yaris_ascent_ncp130r_hatch_manual_petrol,2018,200000,7600,8600,9600
toyota_yaris_ncp90r_hatch_auto_petrol,2008,30000,9500,10500,11500
toyota_yaris_ncp90r_hatch_auto_petrol,2008,60000,8500,9500,10500
toyota_yaris_ncp90r_hatch_auto_petrol,2008,100000,7500,8500,9500
toyota_yaris_ncp90r_hatch_auto_petrol,2008,150000,6500,7500,8500
toyota_yaris_ncp90r_hatch_auto_petrol,2008,200000,5500,6500,7500
toyota_yaris_ncp90r_hatch_auto_petrol,2008,225000,4750,5750,6750
toyota_yaris_ncp90r_hatch_auto_petrol,2008,300000,2500,3500,4500
toyota_yaris_ncp90r_hatch_auto_petrol,2010,30000,10500,11500,12500
toyota_yaris_ncp90r_hatch_auto_petrol,2010,60000,9500,10500,11500
toyota_yaris_ncp90r_hatch_auto_petrol,2010,100000,8500,9500,10500
toyota_yaris_ncp90r_hatch_auto_petrol,2010,150000,7500,8500,9500
toyota_yaris_ncp90r_hatch_auto_petrol,2010,200000,6000,7000,8000
toyota_yaris_ncp90r_hatch_auto_petrol,2010,225000,5250,6250,7250
toyota_yaris_ncp90r_hatch_auto_petrol,2010,300000,3000,4000,5000
toyota_yaris_ncp90r_hatch_auto_petrol,2011,30000,11500,12500,13500
toyota_yaris_ncp90r_hatch_auto_petrol,2011,60000,10500,11500,12500
toyota_yaris_ncp90r_hatch_auto_petrol,2011,100000,9000,10000,11000
toyota_yaris_ncp90r_hatch_auto_petrol,2011,150000,8000,9000,10000
toyota_yaris_ncp90r_hatch_auto_petrol,2011,200000,6500,7500,8500
toyota_yaris_ncp90r_hatch_auto_petrol,2011,225000,5750,6750,7750
toyota_yaris_ncp90r_hatch_auto_petrol,2011,300000,3500,4500,5500
toyota_yaris_yr_ncp130r_hatch_auto_petrol,2011,30000,11100,12100,13100
toyota_yaris_yr_ncp130r_hatch_auto_petrol,2011,60000,10000,11000,12000
toyota_yaris_yr_ncp130r_hatch_auto_petrol,2011,100000,8700,9700,10700
toyota_yaris_yr_ncp130r_hatch_auto_petrol,2011,150000,7300,8300,9300
toyota_yaris_yr_ncp130r_hatch_auto_petrol,2011,200000,6000,7000,8000
toyota_yaris_yr_ncp130r_hatch_auto_petrol,2013,30000,13300,14300,15300
toyota_yaris_yr_ncp130r_hatch_auto_petrol,2013,60000,12000,13000,14000
toyota_yaris_yr_ncp130r_hatch_auto_petrol,2013,100000,10400,11400,12400
toyota_yaris_yr_ncp130r_hatch_auto_petrol,2013,150000,8800,9800,10800
toyota_yaris_yr_ncp130r_hatch_auto_petrol,2013,200000,7300,8300,9300
toyota_yaris_yr_ncp130r_hatch_auto_petrol,2014,30000,14500,15500,16500
toyota_yaris_yr_ncp130r_hatch_auto_petrol,2014,60000,13100,14100,15100
toyota_yaris_yr_ncp130r_hatch_auto_petrol,2014,100000,11400,12400,13400
toyota_yaris_yr_ncp130r_hatch_auto_petrol,2014,150000,9600,10600,11600
toyota_yaris_yr_ncp130r_hatch_auto_petrol,2014,200000,8100,9100,10100
toyota_yaris_yr_ncp90r_hatch_manual_petrol,2006,30000,5000,6000,7000
toyota_yaris_yr_ncp90r_hatch_manual_petrol,2006,60000,4600,5600,6600
toyota_yaris_yr_ncp90r_hatch_manual_petrol,2006,100000,4100,5100,6100
toyota_yaris_yr_ncp90r_hatch_manual_petrol,2006,150000,3500,4500,5500
toyota_yaris_yr_ncp90r_hatch_manual_petrol,2006,200000,3000,4000,5000
toyota_yaris_yr_ncp90r_hatch_manual_petrol,2008,30000,5700,6700,7700
toyota_yaris_yr_ncp90r_hatch_manual_petrol,2008,60000,5200,6200,7200
toyota_yaris_yr_ncp90r_hatch_manual_petrol,2008,100000,4700,5700,6700
toyota_yaris_yr_ncp90r_hatch_manual_petrol,2008,150000,4000,5000,6000
toyota_yaris_yr_ncp90r_hatch_manual_petrol,2008,200000,3400,4400,5400
toyota_yaris_yr_ncp90r_hatch_manual_petrol,2010,30000,6500,7500,8500
toyota_yaris_yr_ncp90r_hatch_manual_petrol,2010,60000,6000,7000,8000
toyota_yaris_yr_ncp90r_hatch_manual_petrol,2010,100000,5300,6300,7300
toyota_yaris_yr_ncp90r_hatch_manual_petrol,2010,150000,4600,5600,6600
toyota_yaris_yr_ncp90r_hatch_manual_petrol,2010,200000,3900,4900,5900
toyota_yaris_yrs_ncp91r_hatch_auto_petrol,2006,30000,7000,8000,9000
toyota_yaris_yrs_ncp91r_hatch_auto_petrol,2006,60000,6300,7300,8300
toyota_yaris_yrs_ncp91r_hatch_auto_petrol,2006,100000,5600,6600,7600
toyota_yaris_yrs_ncp91r_hatch_auto_petrol,2006,150000,4800,5800,6800
toyota_yaris_yrs_ncp91r_hatch_auto_petrol,2006,200000,4100,5100,6100
toyota_yaris_yrs_ncp91r_hatch_auto_petrol,2008,30000,8100,9100,10100
toyota_yaris_yrs_ncp91r_hatch_auto_petrol,2008,60000,7400,8400,9400
toyota_yaris_yrs_ncp91r_hatch_auto_petrol,2008,100000,6500,7500,8500
toyota_yaris_yrs_ncp91r_hatch_auto_petrol,2008,150000,5600,6600,7600
toyota_yaris_yrs_ncp91r_hatch_auto_petrol,2008,200000,4700,5700,6700
toyota_yaris_yrs_ncp91r_hatch_auto_petrol,2010,30000,9300,10300,11300
toyota_yaris_yrs_ncp91r_hatch_auto_petrol,2010,60000,8500,9500,10500
toyota_yaris_yrs_ncp91r_hatch_auto_petrol,2010,100000,7500,8500,9500
toyota_yaris_yrs_ncp91r_hatch_auto_petrol,2010,150000,6500,7500,8500
toyota_yaris_yrs_ncp91r_hatch_auto_petrol,2010,200000,5500,6500,7500
